Year,Plate No.,Business Name,Owner,Barangay,Type,Category,Description,Owner Type,Gender,Amount Paid,Capitalization,Gross Sales,Pay Frequency,License No.,lbt_category,preceding_year_lbt_paid,bt_source
2026,1605,CEZMIL'S AUTO AND ELECTRICAL SUPPLY,MILAGROS KING BUENAVENTURA,Camias,Renewal,Retail / Trade,Retailer,Sole Proprietorship,Female,23561.44,1,3462287,Yearly,7094956,retailer,17311.44,actual
2026,1582,GREEN SEASON FOODS PRODUCTS,MARIA LOURDES V. SISON,,Renewal,Retail / Trade,Retailer,Sole Proprietorship,,9800,1,260696,Yearly,7095975,retailer,3850.0,actual
2026,0687,MICHELLE GABRIEL AGRICULTURAL AND FEEDS SUPPLY,MICHELLE DS. GABRIEL,Calumpang,Renewal,Retail / Trade,Retailer,Sole Proprietorship,Female,12150,1,506100,Yearly,7091576,retailer,6600.0,actual
2026,0685,RL PABION TIRE SUPPLY,RONALD RAY L. PABION,,Renewal,Retail / Trade,Retailer,Sole Proprietorship,Male,15650,1,1589665.8,Yearly,7091574,retailer,10000.0,actual
2026,0609,SARAH VICTORIA HOME FURNITURE & APPLIANCES,ANTONIO V. FLORES,,Renewal,Retail / Trade,Retailer,Sole Proprietorship,Male,18450,1,1929404,Yearly,7092228,retailer,12500.0,actual
2026,0852,AQUA RAINETH PURIFIED WATER STATION,REYNANTE P. RAMOS,Sta. Lucia,Renewal,Retail / Trade,Retailer,Sole Proprietorship,Male,4250,1,1200,Yearly,7092624,retailer,500.0,actual
2026,0874,ATE WHENG TRUCKING SERVICES,ROWENA H. VICTORIA,Sibul,Renewal,Services,Trucking,Sole Proprietorship,Female,6190,1,113125,Yearly,7092386,other,640.0,actual
2026,0283,PRRM3 TRUCKING SERVICES,CHERRYLYN R. CALMA,,Renewal,Services,Trucking & Hauling Services,Sole Proprietorship,Female,5550,1,1200,Yearly,6811825,other,5,needs_review
2026,0245,R. APOLINARIO APARTMENT,MARY GRACE M. GATCHALIAN,,Renewal,Services,Apartment,Sole Proprietorship,Female,14520,1,387000,Yearly,6810934,lessor,7320.0,actual
2026,0827,BERLING TRUCKING SERVICES,VIRGILIO R. RAMOS,Bagong Pag-asa,Renewal,Services,Trucking,Sole Proprietorship,Male,7830,1,145000,Yearly,7090897,other,1980.0,actual
2026,0177,A&A RAMOS FISH TRADING,ANDRES C. RAMOS,Bagong Silang,Renewal,Retail / Trade,Fish Retailer,Sole Proprietorship,Male,5990,1,33500,Yearly,6808896,retailer,440.0,actual
2026,1237,F.M.G. WATER REFILLING STATION,MARY GRACE M. BERNABE,Bagong Silang,Renewal,Retail / Trade,Water Refilling Station,Sole Proprietorship,Female,6970,1,76800,Yearly,7092426,retailer,1320.0,actual
2026,1646,R&G WATER REFILLING STATION,REYMARK C. BARRIENTOS,Bagong Silang,Renewal,Retail / Trade,Water Refilling Station,Sole Proprietorship,Male,7400,1,107950,Yearly,7096292,retailer,1850.0,actual
2026,1236,ROSEMARIE'S TAILORING,ROSEMARIE S. UMALI,Bagong Silang,Renewal,Services,Tailoring,Sole Proprietorship,Female,3615,1,16000,Yearly,7092424,other,165.0,actual
2026,0082,ALLEN LPG STORE,ALICE P. PABLO,Balaong,Renewal,Retail / Trade,Retailer,Sole Proprietorship,,5550,1,40530,Yearly,6808884,retailer,810.6,needs_review
2026,0683,MALLARE SARI-SARI STORE,LENEBETH B. MALLARE,Balaong,Renewal,Retail / Trade,Sari-sari Store,Sole Proprietorship,,4740,1,53500,Yearly,7092240,retailer,990.0,actual
2026,1420,NUTRIBEAR FOOD PRODUCTS MANUFACTURING,REMELITA T. PEREZ,Balaong,Renewal,Manufacturing,Food Processing,Sole Proprietorship,Female,10750,1,303450,Yearly,7093390,manufacturer,5000.0,actual
2026,1176,ACHIAKU PRIVATE RESORT,NOA FELISA  AGUILAR  ABATAYO,Balaong,Renewal,Services,Resort,Sole Proprietorship,Female,6950,1,10000,Yearly,7093664,amusement,125.0,needs_review
2026,1307,CHA & ABNER TRUCKING SERVICES,CHARISSA D. HANDUMON,Balaong,Renewal,Services,Trucking,Sole Proprietorship,Female,5550,1,4836,Yearly,7094779,other,12.09,needs_review
2026,1440,CSNB TRUCKING SERVICES,CELSO B. SALVADOR,Balaong,Renewal,Services,Trucking,Sole Proprietorship,Male,80786,1,18047373.84,Yearly,7095105,other,75236.0,actual
2026,1262,HANS KENJIE TRUCKING SERVICES,VICTORIA DC. DELA CRUZ,Balaong,Renewal,Services,Trucking,Sole Proprietorship,Female,9180,1,214000,Yearly,6811711,other,3630.0,actual
2026,1747,J.J.S CONSTRUCTION AGGREGATES TRADING,MICA ROSE T. SANTOS,Balaong,Renewal,Services,Trucking,Sole Proprietorship,Female,5550,1,1200,Yearly,7097106,other,5,needs_review
2026,0721,KYRIE DANE ENTERPRISES,ROXANNE C. LINGASA,Balaong,Renewal,Services,Trucking,Sole Proprietorship,Female,11810,1,369368.41,Yearly,6812168,other,6160.0,actual
2026,0739,R.DELA CRUZ TRUCKING SERVICES,ROWENA DC. DELA CRUZ,Balaong,Renewal,Services,Trucking,Sole Proprietorship,Female,8190,1,150000,Yearly,7090865,other,2640.0,actual
2026,0365,RHONNIEL VINCENT TRUCKING,ROMMEL FRANCISCO DELA CRUZ,Balaong,Renewal,Services,Trucking,Sole Proprietorship,Male,15800,1,876495,Yearly,6812457,other,10250.0,actual
2026,0816,RODSAN.JR TRUCKING SERVICES,RODOLFO P. SANTIAGO JR,Balaong,Renewal,Services,Trucking,Sole Proprietorship,,5550,1,1200,Yearly,7092066,other,5,needs_review
2026,0759,S.M. BENJAMIN ENTERPRISES,SOTERA M. BENJAMIN,Balaong,Renewal,Services,Trucking,Sole Proprietorship,,16550,1,1200000,Yearly,7091583,other,11000.0,actual
2026,0170,A.J. LPG STORE,ALVIN E. TECSON,Balite,Renewal,Retail / Trade,LPG Retailer,Sole Proprietorship,Male,5550,1,128995,Yearly,7090275,retailer,2579.9,needs_review
2026,0145,DAQUIS-SANTOS GENERAL MERCHANDISE,SHIERYL S. DAQUIS,Balite,Renewal,Retail / Trade,Retailer,Sole Proprietorship,,12250,1,525131.79,Yearly,6812157,retailer,6600.0,actual
2026,1619,FUEL SAVER GASOLINE STATION,LOUIE T. TARUC,Balite,Renewal,Retail / Trade,Gasoline Station,Sole Proprietorship,Male,11697.63,1,594763.97,Yearly,7096266,retailer,5947.63,actual
2026,0515,MIKE JUNKSHOP,MICHAEL E. ILUSTRISIMO,Balite,Renewal,Retail / Trade,Junkshop,Sole Proprietorship,Male,7400,1,149200,Yearly,7090912,other,1850.0,actual
2026,1547,NATURE DROPS WATER REFILLING WATER STATION,PJ C. RAYO,Balite,Renewal,Retail / Trade,Refilling Station,Sole Proprietorship,Male,6540,1,55805,Yearly,7095959,retailer,990.0,actual
2026,0521,"DE ORO APENA FOOD PRODUCTS, INC.",DE ORO APENA FOOD PRODUCTS INC.,Balite,Renewal,Manufacturing,Agricultural Products,Sole Proprietorship,,43460.68,1,7042136.61,Yearly,7090944,manufacturer,35210.68,actual
2026,0498,ROVIMEL'S LPG REFILLING STATION,AMELIA S. MAÑAOL,Balite,Renewal,Manufacturing,LPG Refilling,Sole Proprietorship,Female,16150,1,796210,Yearly,7090278,manufacturer,10000.0,actual
2026,1273,7'AS BUSINESS PROCESS OUTSOURCING,IMELDA M. ESPIRITU,Balite,Renewal,Services,Computer Rental,Sole Proprietorship,Female,2450,1,1200,Yearly,7094140,other,500.0,actual
2026,1714,A.B. BELTRAN CONSTRUCTION AND EQUIPMENT RENTAL,ALVIN B. BELTRAN,Balite,Renewal,Services,Construction,Sole Proprietorship,,23598.5,1,3309700,Yearly,7096910,contractor,17548.5,actual
2026,0315,CRUZ MORGUE RENTALS AND FUNERAL SERVICES,JAIRWIN F. CRUZ,Balite,Renewal,Services,Funeral Service,Sole Proprietorship,Male,14800,1,720000,Yearly,6812160,other,9250.0,actual
2026,0473,DAN'S TAILORING,PRISCILLA C. SARMIENTO,Balite,Renewal,Services,Tailoring,Sole Proprietorship,Female,4330,1,50000,Yearly,7090269,other,880.0,actual
2026,0797,E&F MENDIOLA COMMERCIAL BUILDING,ERNESTO G. MENDIOLA,Balite,Renewal,Services,Rentals,Sole Proprietorship,Male,3750,1,60000,Yearly,7091480,lessor,1800.0,actual
2026,1762,ERNESTO G. MENDIOLA FUNERAL SERVICES,ERNESTO G. MENDIOLA,Balite,Renewal,Services,Funeral Service,Sole Proprietorship,,15800,1,930500,Yearly,7097126,other,10250.0,actual
2026,0599,GLORY TO GOD FUNERAL SERVICES,SONIA S. DELOS SANTOS,Balite,Renewal,Services,Funeral Service,Sole Proprietorship,Female,15000,1,1306855,Yearly,7092404,other,9050.0,actual
2026,0096,HERESEL PALOMO GRAVEL AND SAND TRADING,HERESEL P. PALOMO,Balite,Renewal,Services,Hauling,Sole Proprietorship,Male,15450,1,2599660.74,Yearly,6812497,other,9900.0,actual
2026,0602,J.N.R.C. ENTERPRISES,JOCELYN NACU ROQUE,Balite,Renewal,Services,Trucking,Sole Proprietorship,Female,6000,1,1347892,Yearly,7092413,other,250.0,actual
2026,0429,J.SANTIAGO WAREHOUSE LEASING,JANET S. LOTUACO,Balite,Renewal,Services,Warehouse,Sole Proprietorship,Female,5550,1,1200,Yearly,6812372,other,5,needs_review
2026,0474,JECHIZELYN TAILORING,ENRICO P. VALENZUELA,Balite,Renewal,Services,Tailoring,Sole Proprietorship,Male,4330,1,58825,Yearly,7090270,other,880.0,actual
2026,0006,SHOLI TRUCKING,MANUEL P. DE GUZMAN,Balite,Renewal,Services,Trucking,Sole Proprietorship,Male,5850,1,1200,Yearly,7095103,other,5,needs_review
2026,1499,AJW SPACE RENTAL,WILFREDO L. LAZARO,Balite,Renewal,Real Estate,Space Rental,Sole Proprietorship,Male,2850,1,144000,Yearly,7095142,lessor,900.0,actual
2026,0476,JONEE COMMERCIAL SPACE,CLARITA S. MALLARI,Balite,Renewal,Real Estate,Space Rental,Sole Proprietorship,Female,2850,1,60000,Yearly,7090274,lessor,900.0,actual
2026,1247,KBB WAREHOUSE,GLORIA M. MANAPUL,Balite,Renewal,Real Estate,Space Rental,Sole Proprietorship,,11700,1,960000,Bi-Annually,7409778,lessor,13000.0,actual
2026,0084,ARNEL LPG TRADING,ARNEL I. ALCANTARA,Bantog,Renewal,Retail / Trade,Retailer,Sole Proprietorship,Male,5550,1,50000,Yearly,6811738,retailer,1000.0,needs_review
2026,1928,ASTRAL VAPE SHOP,JOHN MICHAEL C. HEMENTERA,Bantog,Renewal,Retail / Trade,Retailer,Sole Proprietorship,Male,7862.5,1,108560,Yearly,7406043,retailer,1850.0,actual
2026,1079,GLENNIE SARI-SARI STORE,GLENNIE B. SAURO,Bantog,Renewal,Retail / Trade,Sari-sari Store,Sole Proprietorship,Male,6190,1,556438.33,Yearly,7092221,retailer,640.0,actual
2026,1579,JGE MINIMART,JOHN GILBERT D. DELA CRUZ,Bantog,Renewal,Retail / Trade,Retailer,Sole Proprietorship,Male,11090,1,558000,Yearly,7095983,retailer,4740.0,actual
2026,1599,KIARRA PACHECO WATER REFILLING STATION,KIARRA B. PACHECO,Bantog,Renewal,Retail / Trade,Water Refilling Station,Sole Proprietorship,Female,8575,1,193990,Yearly,7097147,retailer,2420.0,actual
2026,1786,KWADRA JACK FIRE PROTECTION INSTALLATION SERVICES,JAYMAR VILLAVICENCIO BINAY,Bantog,Renewal,Retail / Trade,Retailer,Sole Proprietorship,Male,5650,1,1200,Yearly,7098152,retailer,24.0,needs_review
2026,0157,LEILA LPG OUTLET,LEILA M. DE MESA,Bantog,Renewal,Retail / Trade,Retailer,Sole Proprietorship,Female,5550,1,128850,Yearly,7090277,retailer,2577.0,needs_review
2026,0121,NAY NORA VARIETY STORE,REYNALDO B. DELA CRUZ,Bantog,Renewal,Retail / Trade,Sari-sari Store,Sole Proprietorship,Male,5600,1,147000,Yearly,7090255,retailer,1850.0,actual
2026,0129,YAN YAN'S VARIETY STORE,RIZZA MAE ESCANO SICOPITO,Bantog,Renewal,Retail / Trade,Variety Store,Sole Proprietorship,Female,4740,1,52334,Yearly,7091177,retailer,990.0,actual
2026,1609,A. SANCHEZ COMMERCIAL SPACE,ANTONIO B. SANCHEZ,Poblacion,Renewal,Real Estate,Space Rental,Sole Proprietorship,Male,4929,1,220000,Yearly,7096253,lessor,2979.0,actual
2026,1185,EREADY LAND TITLING SERVICES,OFELIA D. MALABAGO,Bantog,Renewal,Services,Sub-Contractor,Sole Proprietorship,Female,2115,1,15000,Yearly,7096301,contractor,165.0,actual
2026,0794,FIBERNET  TELECOM SERVICES,MARK OLIVER O. ROQUE,Bantog,Renewal,Services,Telecommunications,Sole Proprietorship,Male,5750,1,1200,Yearly,7091482,other,2000.0,actual
2026,0275,TCE WAREHOUSE LEASING,EDUARDO D. TECSON,Poblacion,Renewal,Real Estate,Leasing,Sole Proprietorship,Male,5950,1,336000,Yearly,7090861,lessor,4000.0,actual
2026,1725,SOLAGRATIA PRINTING SERVICES,LUDWIG CHRISTIAN PACHECO ESMAS,Bantog,Renewal,Services,Printing Services,Sole Proprietorship,Male,5550,1,1200,Yearly,7096931,other,5,needs_review
2026,0200,F & R COMMERCIAL UNIT RENTAL,BEVERLY ANN M. PROTACIO,Bantog,Renewal,Real Estate,Space Rental,Sole Proprietorship,Female,3570,1,108000,Yearly,6808897,lessor,1620.0,actual
2026,0231,KITLET SPACE RENTAL,PAQUITO F.RUIZ,Bantog,Renewal,Real Estate,Leasing,Sole Proprietorship,Male,6450,1,220000,Yearly,6810931,lessor,4500.0,actual
2026,0430,MA'AM CHONA MINI GROCERY,CHERRYL JOY L. DELA CRUZ,Bardias,Renewal,Retail / Trade,Sari-sari Store,Sole Proprietorship,Female,7400,1,126961.59,Yearly,6812374,retailer,1850.0,actual
2026,0597,MAXI RICE AND PALAY TRADING,MAXIMA R. SEVILLA,Bardias,Renewal,Retail / Trade,Retailer,Sole Proprietorship,Male,45530,1,12256198,Yearly,7092361,retailer,43280.0,actual
2026,2021,MVJ MAGLAQUE SARI-SARI STORE,VERGIDO M. MAGLAQUE,Bardias,Renewal,Retail / Trade,Sari-sari Store,Sole Proprietorship,Male,5400,1,96050,Yearly,7410773,retailer,1320.0,actual
2026,1196,MVJ WATER REFILLING STATION,VERGIDO MANIQUIZ MAGLAQUE,Bardias,Renewal,Retail / Trade,Water Refilling Station,Sole Proprietorship,Male,6375,1,96050,Yearly,7416803,retailer,660.0,actual
2026,0605,BOZZMADAM TRUCKING SERVICES,ANN ANN M. MANIQUIS,Bardias,Renewal,Services,Trucking,Sole Proprietorship,Female,5550,1,1200,Yearly,7412711,other,5,needs_review
2026,0618,EZG TRUCKING SERVICES,ELFIE C. DELA CRUZ,Bardias,Renewal,Services,Trucking,Sole Proprietorship,,16550,1,1461064,Yearly,7091265,other,11000.0,actual
2026,1799,FSMANIQUIS TRUCKING SERVICES,FERDINAND S. MANIQUIS,Bardias,Renewal,Services,Trucking,Sole Proprietorship,Male,19400,1,1999476,Yearly,7098170,other,11000.0,actual
2026,0790,JAES TRUCKING SERVICE,EDGARDO S. DELA CRUZ,Bardias,Renewal,Services,Trucking,Sole Proprietorship,Male,18250,1,1269943,Yearly,7091553,other,11000.0,actual
2026,0581,ONECALL TRUCKING SERVICES,RICARDO C. GABRIEL,Bardias,Renewal,Services,Trucking,Sole Proprietorship,Male,154339.97,1,33042177.32,Yearly,7091854,other,148689.97,actual
2026,2020,VILLA MVJ RESORT,JOSEFINA M. DE GUZMAN,Bardias,Renewal,Services,Resort,Sole Proprietorship,Female,8700,1,80550,Yearly,7410772,amusement,1320.0,actual
2026,1156,AQUANEAL WATER REFILLING STATION,NEPHEL JOY B. LUCAS,Baritan,Renewal,Retail / Trade,Water Refilling Station,Sole Proprietorship,Female,7862.5,1,100000,Yearly,7407738,retailer,1850.0,actual
2026,0051,ERICK LPG STORE,MAVERICK DC DUQUE,Baritan,Renewal,Retail / Trade,Retailer,Sole Proprietorship,Male,5550,1,50000,Yearly,6811706,retailer,1000.0,needs_review
2026,1508,EVANGELINE DELA CRUZ RICE TRADING,EVANGELINE S. DELA CRUZ,Baritan,Renewal,Retail / Trade,Rice and Palay Trading,Sole Proprietorship,Female,5550,1,1200,Yearly,7414601,retailer,24.0,needs_review
2026,1126,DARREL PURIFIED DRINKING WATER,DARREL BUEN R. TAYAO,Batasan Bata,Renewal,Retail / Trade,Retailer,Sole Proprietorship,Male,5990,1,30000,Yearly,7092407,retailer,440.0,actual
2026,0199,JONATHAN AND MARIBEL AGRI SUPPLY,MARIBEL F. GARCIA,Batasan Bata,Renewal,Retail / Trade,Retailer,Sole Proprietorship,Female,8850,1,246400,Yearly,6808890,retailer,3300.0,actual
2026,0736,M. DE LEON AGRICULTURAL SUPPLY AND GENERAL MERCHANDISE,MELISSA R. DE LEON,Batasan Bata,Renewal,Retail / Trade,General Merchandise,Sole Proprietorship,Female,15650,1,1190700,Yearly,6812177,retailer,10000.0,actual
2026,0720,MEDISMART PHARMACY,DIONISIO CALIWAG MELENCIO JR.,Batasan Bata,Renewal,Retail / Trade,Pharmacy,Sole Proprietorship,Male,5550,1,1200,Yearly,6812167,retailer,24.0,needs_review
2026,1814,MUNISERVE COMPUTER SOFTWARE TRADING,BENJO A. MAGLENTE,Batasan Bata,Renewal,Retail / Trade,Retailer,Sole Proprietorship,Male,1950,1,1200,Yearly,7098181,retailer,24.0,needs_review
2026,1669,SANIPAUL FOOD PRODUCTS MANUFACTURING,PAUL CHRISTIAN CASTRO TOLENTINO,Sta. Rita Matanda,Renewal,Manufacturing,Food Processing,Sole Proprietorship,Male,5550,1,1200,Yearly,7407715,manufacturer,165,needs_review
2026,0450,PSU GASOLINE STATION,CRISTINA B. URBANO,Batasan Bata,Renewal,Retail / Trade,Retailer,Sole Proprietorship,Female,5850,1,1200,Yearly,7090187,retailer,24.0,needs_review
2026,1558,PUTI WATER REFILLING STATION,EVANGELINE CUEVAS EISMA,Batasan Bata,Renewal,Retail / Trade,Water Refilling Station,Sole Proprietorship,Female,6050,1,45000,Yearly,7093657,retailer,500.0,actual
2026,1255,MIEL 1 WOOD PRODUCTS MANUFACTURING,ROMANSITO B. PENGSON,Batasan Bata,Renewal,Manufacturing,Wood Craft,Sole Proprietorship,Male,5990,1,25500,Yearly,7090191,manufacturer,440.0,actual
2026,0808,ERN. JR BUILDING RENTAL,MARITES E. MANGULABNAN,San Juan,Renewal,Real Estate,Space Rental,Sole Proprietorship,Female,8770,1,528000,Yearly,7091755,lessor,7920.0,actual
2026,0638,FUNERARIA DE SAN JOSE DE ESPOSO DE MARIA,GILBERT F. DAZAL,Batasan Bata,Renewal,Services,Funeral Service,Sole Proprietorship,Male,13510,1,312885,Yearly,7091855,other,6160.0,actual
2026,1257,MACASU BILLS PAYMENT AND REMITTANCE CENTER/                                           MONEY TRANSFER,ROLDAN C. MACASU,Batasan Bata,Renewal,Services,Remittance Agent,Sole Proprietorship,,6210,1,4500,Yearly,7092428,bank_financial,660.0,actual
2026,0202,CLEOFE MATA PROPERTY LEASING,CLEOFE SANTOS MATA,Batasan Bata,Renewal,Real Estate,Leasing,Sole Proprietorship,Female,5028,1,205200,Yearly,6810902,lessor,3078.0,actual
2026,1491,JACPAT SPACE RENTAL,CARLOS ALVAREZ DETIQUEZ,Batasan Bata,Renewal,Real Estate,Space Rental,Sole Proprietorship,Male,3030,1,72000,Yearly,7094783,lessor,1080.0,actual
2026,0197,KSK2 PROPERTY LEASING,IRENE D. SANTOS,Batasan Bata,Renewal,Real Estate,Leasing,Sole Proprietorship,Female,6270,1,288000,Yearly,6808881,lessor,4320.0,actual
2026,0274,DANTE AND LINDA'S STORE,DANTE J. JARDIN,Batasan Matanda,Renewal,Retail / Trade,Retailer,Sole Proprietorship,Male,6870,1,84550,Yearly,6811710,retailer,1320.0,actual
2026,0396,EDCATH PURIFIED DRINKING WATER,EDMAR M. DIONISIO,Batasan Matanda,Renewal,Retail / Trade,Water Refilling Station,Sole Proprietorship,Male,9675,1,250000,Yearly,7414622,retailer,3300.0,actual
2026,1688,FV BUILDING RENTAL,PATRICIA VALDERRAMA FERNANDEZ,Camias,Renewal,Real Estate,Leasing,Sole Proprietorship,Female,1950,1,1200,Yearly,7096339,lessor,18.0,needs_review
2026,1513,GULIBAN TRUCKING SERVICES,ROY L. GULIBAN,Batasan Matanda,Renewal,Services,Trucking,Sole Proprietorship,Male,14750,1,1261572,Yearly,7095116,other,9000.0,actual
2026,0261,MALOU AMBETH LOT LEASING - OSAVE,ALBERTO G. FERNANDEZ,Batasan Matanda,Renewal,Real Estate,Leasing,Sole Proprietorship,Male,10500,1,570000,Yearly,6811746,lessor,8550.0,actual
2026,0745,AQUAICED WATER REFILLING STATION,MARICAR C. HOWELL,Biak na Bato,Renewal,Retail / Trade,Water Refilling Station,Sole Proprietorship,Female,5550,1,1200,Yearly,7090866,retailer,24.0,needs_review
2026,0744,E.M.I GRAVEL AND SAND ENTERPRISES,EDWIN H.ICITADA,Biak na Bato,Renewal,Services,Trucking,Sole Proprietorship,Male,8290,1,150000,Yearly,7091589,other,2640.0,actual
2026,0743,JHON-ASH TRUCKING SERVICES,ANTHONY B. SEMILLANO,Biak na Bato,Renewal,Services,Trucking,Sole Proprietorship,Male,8290,1,150000,Yearly,7091588,other,2640.0,actual
2026,1091,R.M. CRUZ TRUCKING SERVICES,RHEYCHEL M. CRUZ,Biak na Bato,Renewal,Services,Trucking,Sole Proprietorship,Female,8290,1,1200,Yearly,7092616,other,2640.0,actual
2026,1014,J.O. JAVIER WATER REFILING STATION,JESS O. JAVIER,Biclat,Renewal,Retail / Trade,Water Refilling Station,Sole Proprietorship,Male,7800,1,144227,Yearly,7091882,retailer,1850.0,actual
2026,1822,JPVO PALAY TRADING,JOHN PAUL V. ORTIZ,Biclat,Renewal,Retail / Trade,Retailer,Sole Proprietorship,Male,5550,1,1200,Yearly,7098188,retailer,24.0,needs_review
2026,1197,KIMKEANKAT CONSUMER GOODS TRADING,ELIZABETH C. FAUSTINO,Biclat,Renewal,Retail / Trade,Grocery,Sole Proprietorship,Female,10250,1,705550,Yearly,7093700,retailer,4400.0,actual
2026,0906,ME3 NON-SPECIALIZED WHOLESALE TRADING,ERICKSON L. ENRIQUEZ,Biclat,Renewal,Retail / Trade,Retailer,Sole Proprietorship,Male,3750,1,1200,Yearly,7091182,retailer,24.0,needs_review
2026,0872,PIO'S WATER REFILLING STATION,ROWENA J. BAUTISTA,Biclat,Renewal,Retail / Trade,Retailer,Sole Proprietorship,Male,5550,1,12118,Yearly,7092389,retailer,242.36,needs_review
2026,0360,BALILA CONSTRUCTION SERVICES,JEFFREY L. BALILA,Biclat,Renewal,Services,Construction,Sole Proprietorship,Male,8190,1,161000,Yearly,6812180,contractor,2640.0,actual
2026,1823,JP ORTIZ TRUCKING SERVICES,JOHN PAUL V. ORTIZ,Biclat,Renewal,Services,Trucking,Sole Proprietorship,Male,7200,1,80000,Yearly,7098189,other,1320.0,actual
2026,1628,MICOJOHNMATTHEW TRUCKING,JENNIFER B. LACANILAO,Biclat,Renewal,Services,Trucking,Sole Proprietorship,Female,102676,1,25370937,Yearly,7096270,other,96826.0,actual
2026,0141,TOV MEOD TRANSPORT SERVICES,ALVIN S. CRUZ,Biclat,Renewal,Services,Transport Services,Sole Proprietorship,Male,10010,1,1200,Yearly,7091298,other,4160.0,actual
2026,1397,INTERIORSCAPES ONLINE STORE,RASCHEL S. JAVIER,Buga,Renewal,Retail / Trade,Retailer,Sole Proprietorship,Female,3930,1,97400,Yearly,7095000,retailer,1980.0,actual
2026,0960,MHITZKEL ENTERPRISES,MICHAEL LOUISE M. ROXAS,Buga,Renewal,Services,Trucking,Sole Proprietorship,Male,8690,1,190350,Yearly,7092119,other,2640.0,actual
2026,0799,3MS MOTOR VEHICLE PARTS AND ACCESSORIES SHOP,EFREN E. ATORDIDO,Buliran,Renewal,Retail / Trade,Motor Cycle Parts,Sole Proprietorship,Male,8850,1,200000,Yearly,7091479,retailer,3300.0,actual
2026,0053,AURUM 105 GAS STATION,RENAL CARL R. TAYAO,Buliran,Renewal,Retail / Trade,Gasoline Station,Sole Proprietorship,Male,6575.94,1,102594,Yearly,6811715,retailer,1025.94,actual
2026,0026,CES DRUGSTORE,PRINCES L. PASCUAL,Buliran,Renewal,Retail / Trade,Drugstore,Sole Proprietorship,Female,8950,1,254491,Yearly,6810824,retailer,3300.0,actual
2026,0507,DONNA RICE AND PALAY TRADING,DONNALYN P. BANA,Buliran,Renewal,Retail / Trade,Retailer,Sole Proprietorship,Female,12250,1,532063,Yearly,7090938,retailer,6600.0,actual
2026,1129,G.T. GREY ENTERPRISES,GEORGE T. GREY,Buliran,Renewal,Retail / Trade,Retailer,Sole Proprietorship,Male,14750,1,1964727.58,Yearly,7092401,retailer,9000.0,actual
2026,0442,GLAM CLOSET CLOTHING SHOP,ANNE JANNETT G. CRUZ,Buliran,Renewal,Retail / Trade,Retailer,Sole Proprietorship,Female,6760,1,189250,Bi-Annually,6812376,retailer,2420.0,actual
2026,1657,GRACE CHICHARON MANUFACTURING,GRACE PAYUMO ESTAREZ,Buliran,Renewal,Retail / Trade,Retailer,Sole Proprietorship,Female,6870,1,87050,Yearly,7096306,retailer,1320.0,actual
2026,0895,HANZELLE ENTERPRISE,ZOILO C. SAN ANDRES,Buliran,Renewal,Retail / Trade,Retailer,Sole Proprietorship,Male,26397.41,1,4109482.79,Yearly,7092606,retailer,20547.41,actual
2026,0307,JAS SWEETS,SUSIE T. PEREZ-FRICKE,Buliran,Renewal,Retail / Trade,Sweets and Delicacies,Sole Proprietorship,,8850,1,405000,Yearly,6811718,retailer,3300.0,actual
2026,1086,JOSEPH-HELEN TRADING,JOSEPH P. QUIZON,Buliran,Renewal,Retail / Trade,Retailer,Sole Proprietorship,Male,5550,1,128800,Yearly,7092442,retailer,2576.0,needs_review
2026,0184,MADOCS PHARMACY,MARIVEN PAULA D. SANTOS,Buliran,Renewal,Retail / Trade,Pharmacy,Sole Proprietorship,Female,8070,1,189866,Yearly,6808869,retailer,2420.0,actual
2026,0462,MARKSON'S ENTERPRISES,EDWIN P. TECSON,Buliran,Renewal,Retail / Trade,Retailer,Sole Proprietorship,,12650,1,686573,Yearly,7090915,retailer,6600.0,actual
2026,1027,MEDCARE PHARMACY,JUAN PAULO Y. CUNANAN,Buliran,Renewal,Retail / Trade,Pharmacy,Sole Proprietorship,Male,5880,1,29000,Yearly,7092097,retailer,330.0,actual
2026,1298,MRVT BICYCLE SHOP,MICHAEL RAFAEL VIZCONDE TECSON,Buliran,Renewal,Retail / Trade,Bicycle Spare Parts/Accessories,Sole Proprietorship,,7400,1,100600,Yearly,7096321,retailer,1850.0,actual
2026,0286,NANAY TUDING'S DELICACIES STORE,WILGER V. BALDECASA,Buliran,Renewal,Retail / Trade,Sweets and Delicacies,Sole Proprietorship,,7500,1,148915,Yearly,6811828,retailer,1850.0,actual
2026,1419,ORANGENEST EGG TRADING,JOSELITO TAPANG PASCUAL,Buliran,Renewal,Retail / Trade,Retailer,Sole Proprietorship,Male,11800,1,944996,Yearly,7098195,retailer,5000.0,actual
2026,0418,OFELIA OCAMPO FISH TRADING,OFELIA J. OCAMPO,San Jose,Renewal,Retail / Trade,Fish Retailer,Sole Proprietorship,,11050,1,380000,Yearly,7099177,retailer,4400.0,actual
2026,1228,PASKY PURIFIED WATER STATION,BERNARDO L. PASCUAL,Buliran,Renewal,Retail / Trade,Retailer,Sole Proprietorship,Male,6540,1,50000,Yearly,7093847,retailer,990.0,actual
2026,1902,RCM GAS RETAILING,RAMON CHRISTOPHER C. MACASPAC,Buliran,Renewal,Retail / Trade,LPG Retailer,Sole Proprietorship,Male,5550,1,396000,Yearly,7406009,retailer,7920.0,needs_review
2026,0066,REYBHEL TRADING,LILIBETH S. PASCUAL,Buliran,Renewal,Retail / Trade,Retailer,Sole Proprietorship,Female,13800,1,1867750,Yearly,6812158,retailer,8250.0,actual
2026,0201,REYLO AGRIVET TRADING,AC NEX J. REYES,Buliran,Renewal,Retail / Trade,Industrial & Farm Supply,Sole Proprietorship,Male,12150,1,543816.94,Yearly,6810905,retailer,6600.0,actual
2026,0092,RNV LPG TRADING,RICHMARK M. VITUG,Buliran,Renewal,Retail / Trade,LPG Retailer,Sole Proprietorship,Male,5550,1,1200,Yearly,6812382,retailer,24.0,needs_review
2026,0820,RUTH WATER REFILLING STATION,RUTH M. INOCENCIO,Buliran,Renewal,Retail / Trade,Water Refilling Station,Sole Proprietorship,Female,5880,1,26863,Yearly,7090949,retailer,330.0,actual
2026,1299,SV TECSON FARM PRODUCTS TRADING,SYLVIA V. TECSON,Buliran,Renewal,Retail / Trade,Retailer,Sole Proprietorship,Female,7400,1,102000,Yearly,7096320,retailer,1850.0,actual
2026,1507,ARMAS RICE TRADING,MARILYN S. ARMAS,Pinambaran,Renewal,Retail / Trade,Rice and Palay Trading,Sole Proprietorship,Female,5550,1,1200,Yearly,7412750,retailer,24.0,needs_review
2026,0432,YLSD WATER REFILLING STATION,PEDRO D. STO. DOMINGO,Buliran,Renewal,Retail / Trade,Retailer,Sole Proprietorship,Male,6640,1,1200,Yearly,6812392,retailer,990.0,actual
2026,1305,ANDREA'S  SWEET DELICACIES,MA. CRISTINA B. DELA CRUZ,Buliran,Renewal,Manufacturing,Sweets Making,Sole Proprietorship,Female,7650,1,905,Yearly,7091860,manufacturer,2000.0,actual
2026,1280,GIL-MAR SPECIAL PASTILLAS & SWEET DELICACIES,MARIZEL DC. DE CASTRO,Buliran,Renewal,Manufacturing,Sweets Making,Sole Proprietorship,Female,6650,1,273060,Yearly,7094759,manufacturer,1000.0,actual
2026,0389,LADY'S SWEETS & PASTRIES,MELISSA P. CAYETANO,Buliran,Renewal,Manufacturing,Pastillas and Sweet Delicacies,Sole Proprietorship,Female,7900,1,123850,Yearly,7090157,manufacturer,1850.0,actual
2026,0333,JUNLIE DOORMAT STORE,GREGORIO P. CAPILI,Sibul,Renewal,Retail / Trade,Retailer,Sole Proprietorship,Male,15550,1,1267708.67,Yearly,6812156,retailer,10000.0,actual
2026,1226,AMAMIEL TRUCKING SERVICES,MARISSA  A. ARCEO,Buliran,Renewal,Services,Trucking,Sole Proprietorship,Female,16650,1,1645920,Yearly,7093840,other,11000.0,actual
2026,1065,ASTRID TRAVEL SERVICES,KELVIN REY L. GREGORIO,Buliran,Renewal,Services,Travel  Agency,Sole Proprietorship,Male,6390,1,180328,Yearly,7092239,other,2640.0,actual
2026,1682,CHEZRYLLE TRUCKING SERVICES,ADRIAN L. ALVAREZ,Buliran,Renewal,Services,Trucking,Sole Proprietorship,Male,5550,1,1200,Yearly,7096335,other,5,needs_review
2026,0506,DON HANZ PARES HUB,DONNALYN PASCUAL BANA,Buliran,Renewal,Services,Restaurant,Sole Proprietorship,Female,8982,1,350587,Yearly,7090939,food_beverage,3432.0,actual
2026,0483,FORTUNE ONE TRUCKING SERVICES,DONALD GREGORIO B. ABUEVA,Buliran,Renewal,Services,Trucking,Sole Proprietorship,Male,17561.08,1,14048863.42,Quarterly,7409770,other,17561.08,actual
2026,0894,"GHG GEN. MERCHANDISE, SERVICES & BOTTLE TRADING",HAZELLE MARGARETTE E. SAN ANDRES,Buliran,Renewal,Services,Trucking,Sole Proprietorship,Female,33876.62,1,5605325.85,Yearly,7092607,other,28026.62,actual
2026,1261,GLENNARD TRUCKING SERVICES,GLENN R. SANTOS,Buliran,Renewal,Services,Trucking,Sole Proprietorship,Male,5550,1,1200,Yearly,7094110,other,5,needs_review
2026,1151,HUNTER'S AUTO REPAIR SERVICES,JAYROME C. HUNTER,Buliran,Renewal,Services,Auto Repair Shop,Sole Proprietorship,Male,11550,1,1239262.4,Yearly,7093385,other,5900.0,actual
2026,1147,J MAGTALAS TRUCKING SERVICES,JONATHAN R. MAGTALAS,Buliran,Renewal,Services,Trucking,Sole Proprietorship,Male,108969,1,40807976.68,Yearly,7093383,other,102519.0,actual
2026,0728,JJRJ TRUCKING SERVICES,JAYVEE DE LEON LIBUNAO,Buliran,Renewal,Services,Trucking,Sole Proprietorship,Male,5550,1,1200,Yearly,6812351,other,5,needs_review
2026,0030,MDC SPORTS CENTER,MARLON S. DECASTRO,Buliran,Renewal,Services,Cockpit Arena,Sole Proprietorship,Male,22850,1,2880000,Yearly,6808900,amusement,15400.0,actual
2026,1229,R - JARRED'S EATERY,JENNIFER DC PASCUAL,Buliran,Renewal,Services,Eatery,Sole Proprietorship,Female,5000,1,30200,Yearly,7092429,food_beverage,1250.0,actual
2026,1146,R.A.I. TRUCKING SERVICES,RYAN ALFRED R. SANTOS,Buliran,Renewal,Services,Trucking,Sole Proprietorship,Male,5550,1,1200,Yearly,7093380,other,5,needs_review
2026,0235,REDULA TRUCKING SERVICES,MARIO Q. REDULA,Buliran,Renewal,Services,Trucking & Hauling Services,Sole Proprietorship,Male,6430,1,67500,Yearly,6810912,other,880.0,actual
2026,1145,RYAN TRUCKING,RICARDO V. SANTOS,Buliran,Renewal,Services,Trucking,Sole Proprietorship,Male,37950,1,11903976.66,Yearly,7093382,other,30500.0,actual
2026,1595,SAMIBUL ANIMAL BITE CLINIC,JULIE ANN S. ANTONINO,Buliran,Renewal,Services,Clinic,Sole Proprietorship,Female,8190,1,162400,Yearly,7095989,other,2640.0,actual
2026,1130,SMB NORTH WATER SERVICES,GEORGE T. GREY,Buliran,Renewal,Services,Water Distribution,Sole Proprietorship,Male,26584.65,1,4629925.85,Yearly,7092400,other,20834.65,actual
2026,0112,ST REMEDIES MEDICAL  AND DIAGNOSTIC CENTER,JOCELYN J. LIGON,Buliran,Renewal,Services,Medical Clinic,Sole Proprietorship,Female,5850,1,1200,Yearly,6810822,other,5,needs_review
2026,0574,PIANA'S PACKAGING SUPPLIES TRADING,YVIANNE YANYAN THERESE NG CHUA,Paliwasan,Renewal,Retail / Trade,Importer,Sole Proprietorship,,15750,1,1793622.34,Yearly,7091760,retailer,10000.0,actual
2026,1695,JEFF'S SPACE RENTAL,JEFFERSON P. PALOMO,Buliran,Renewal,Real Estate,Space Rental,Sole Proprietorship,Male,7240,1,432000,Yearly,7096346,lessor,5290.0,actual
2026,0653,MARISSA SPACE RENTAL,MARISSA T. ROMERO,Buliran,Renewal,Real Estate,Space Rental,Sole Proprietorship,Female,3030,1,72000,Yearly,7091623,lessor,1080.0,actual
2026,0055,PABLO PROPERTY RENTAL,RUFINA C. GREGORIO,Buliran,Renewal,Real Estate,Space Rental,Sole Proprietorship,Female,2750,1,48000,Yearly,6810823,lessor,800.0,actual
2026,0501,R4EVER COMMERCIAL APARTMENTS,EDGARDO Q. PASCUAL,Buliran,Renewal,Real Estate,Space Rental,Sole Proprietorship,Male,11250,1,63000,Yearly,7090889,lessor,6300.0,actual
2026,0433,YLSD COMMERCIAL LOT RENTAL,ERIC L. STO.DOMINGO,Buliran,Renewal,Real Estate,Leasing,Sole Proprietorship,Male,6150,1,420000,Yearly,6812390,lessor,4200.0,actual
2026,0253,RANGIE'S VILLA PRIVATE RESORT,EVANGELINE V. GREGORIO,Buliran,Renewal,,Wavepool & Resort,Sole Proprietorship,Female,8150,1,1200,Yearly,6810941,amusement,1200.0,actual
2026,1075,AQUA LOURDES WATER REFILLING STATION,LOURDES G. BERNANDINO,Bulualto,Renewal,Retail / Trade,Water Refilling Station,Sole Proprietorship,,6300,1,1200,Yearly,7406005,retailer,600.0,actual
2026,1391,AQUAYARD WATER REFILLING STATION,MICHELLE S. MERCADO,Bulualto,Renewal,Retail / Trade,Refilling Station,Sole Proprietorship,,5990,1,36500,Yearly,7093850,retailer,440.0,actual
2026,1546,DGN DRUGSTORE,DREENA GRACE N. EGANA,Bulualto,Renewal,Retail / Trade,Pharmacy,Sole Proprietorship,Female,5962.5,1,28500,Yearly,7410753,retailer,330.0,actual
2026,0133,ELGICOR CONSTRUCTION TRADING,EDWIN GALANG ALABADO,Bulualto,Renewal,Retail / Trade,Const. & Gen. Mdse.,Sole Proprietorship,,40187.03,1,7497117.74,Yearly,7091273,retailer,33737.03,actual
2026,0239,EULA DANICA GASOLINE STATION,EULA DANICA REYES LUNA,Bulualto,Renewal,Retail / Trade,Gasoline Station,Sole Proprietorship,Female,5750,1,1200,Yearly,6810911,retailer,24.0,needs_review
2026,0615,GEORGE NIDA TRADING (BRANCH),LEONIDA V. BUCO,Bulualto,Renewal,Retail / Trade,Hardware,Sole Proprietorship,Female,36228.59,1,6135718,Yearly,7091157,retailer,30678.59,actual
2026,1018,JAVIN LPG STORE,JENIELYN MACABANTE FLORES,Bulualto,Renewal,Retail / Trade,Retailer,Sole Proprietorship,Female,5550,1,60630,Yearly,7092125,retailer,1212.6,needs_review
2026,1939,MR. JDC TRUCKING SERVICES,JEROME M. DELA CRUZ,Bulualto,Renewal,Retail / Trade,Retailer,Sole Proprietorship,Male,12450,1,716369.98,Yearly,7407701,retailer,5280.0,actual
2026,1792,AMALFI MASSAGE AND SPA,DARREN G. PALACIO,Bulualto,Renewal,Services,Therapy Center,Sole Proprietorship,Male,0,1,300000,Yearly,,other,2800.0,no_match
2026,1182,ARM TRUCKING SERVICES,ALLEIN ROMEO DC. MAGAT,Bulualto,Renewal,Services,Trucking,Sole Proprietorship,Male,5650,1,50000,Yearly,7093679,other,200.0,needs_review
2026,1181,CRCM HAULING SERVICES,ROMEO C. MAGAT,Bulualto,Renewal,Services,Hauling,Sole Proprietorship,Male,5550,1,50000,Yearly,7093678,other,200.0,needs_review
2026,1578,FILTREDGE ENGINEERING SERVICES,RUBEN E. ALARDE,Bulualto,Renewal,Services,Construction,Sole Proprietorship,Male,11710,1,311475,Yearly,7095982,contractor,6160.0,actual
2026,1271,GIFTED TRUCKING SERVICES,CRISTINA DE JESUS MACASU,Bulualto,Renewal,Services,Trucking,Sole Proprietorship,Female,8550,1,277474.29,Yearly,7092146,other,3000.0,actual
2026,1282,J. VILLANUEVA HAULING SERVICES,JENELL M. VILLANUEVA,Bulualto,Renewal,Services,Hauling,Sole Proprietorship,Male,24284.73,1,3546946.72,Yearly,7094761,other,18734.73,actual
2026,1284,JMVC HAULING SERVICES,JERICO TECSON CASTRO,Bulualto,Renewal,Services,Hauling,Sole Proprietorship,,28647.56,1,4419511.47,Yearly,7094762,other,23097.56,actual
2026,0218,MHARNEL TRUCKING SERVICES,NOEL D. CUEVO,Bulualto,Renewal,Services,Trucking,Sole Proprietorship,Male,15709.11,1,2031822.32,Yearly,6810806,other,10159.11,actual
2026,1468,MMP RESORT,MARCO M. POLO,Bulualto,Renewal,Services,Resort,Sole Proprietorship,,10870,1,225000,Yearly,7094976,amusement,4620.0,actual
2026,0120,NUTRITURE NUTRITION CENTER,FRANCIS GIO S. LOPEZ,Bulualto,Renewal,Services,Clinic,Sole Proprietorship,Male,1950,1,1200,Yearly,7090885,other,5,needs_review
2026,0543,OCTO CONSTRUCTION CORPORATION,OCTO CONSTRUCTION CORPORATION,Bulualto,Renewal,Services,Construction,Sole Proprietorship,Male,6950,1,1200,Yearly,7091275,contractor,27.5,needs_review
2026,1756,ONG GLASS AND ALUMINUM TRADING,IRENEO S. ESPIRITU,Bulualto,Renewal,Services,Glass Aluminum,Sole Proprietorship,,6650,1,50000,Yearly,7097117,other,880.0,actual
2026,1596,AVIOR TALENT MANAGEMENT SERVICES,STANLEY M. DELOS SANTOS,Salacot,Renewal,Services,Training Center,Sole Proprietorship,Male,3750,1,1200,Yearly,7414605,other,5,needs_review
2026,0234,VERONIQUE COMMERCIAL LEASING,CYRA FAYE VERONIQUE P. AGUSTIN,Bulualto,Renewal,Services,Apartment,Sole Proprietorship,Female,4590,1,135000,Yearly,6810909,lessor,2640.0,actual
2026,0390,VIOLET MARIANO TRUCKING SERVICES,VIOLETA M. MARIANO,Bulualto,Renewal,Services,Trucking,Sole Proprietorship,Female,14100,1,2845882.14,Yearly,6812458,other,8250.0,actual
2026,1180,TJ MAGAT PROPERTY LEASING,ALLEIN ROMEO DC. MAGAT,Bulualto,Renewal,Real Estate,Leasing,Sole Proprietorship,Male,4550,1,240000,Yearly,7093677,lessor,2600.0,actual
2026,0427,AQUA GWENZEL PURIFIED DRINKING WATER,DANNY G. MAGDAYAO,Calumpang,Renewal,Retail / Trade,Water Refilling Station,Sole Proprietorship,,7970,1,199800,Yearly,6812395,retailer,2420.0,actual
2026,1934,CHICKS R US  POULTRY FARM,SHIRLEY O. KU,Calumpang,Renewal,Retail / Trade,Poultry Farm,Sole Proprietorship,,30200,1,735010,Yearly,7407703,retailer,6600.0,actual
2026,0371,DANTIS RICE AND PALAY TRADING,DAISYROSE R. DANTIS,Calumpang,Renewal,Retail / Trade,Palay and Grains Retailer,Sole Proprietorship,Female,8950,1,283470,Yearly,6812468,retailer,3300.0,actual
2026,1566,SWEET BULAKENYA FOODS,LANI L. BUENCAMINO,San Jose,Renewal,Retail / Trade,Retailer,Sole Proprietorship,Female,5550,1,1200,Yearly,7414639,retailer,24.0,needs_review
2026,0692,G-PRIME HARDWARE,KENNETH JOHN DS. GABRIEL,Calumpang,Renewal,Retail / Trade,Hardware,Sole Proprietorship,Male,15550,1,1322600,Yearly,7091571,retailer,10000.0,actual
2026,1225,HANAZ WATER REFILLING STATION,ZALDY B. HIRANG,Calumpang,Renewal,Retail / Trade,Water Refilling Station,Sole Proprietorship,Male,9675,1,240000,Yearly,7414607,retailer,3300.0,actual
2026,1376,JORO JUNKSHOP,ROSIE A. ANADON,Calumpang,Renewal,Retail / Trade,Junkshop,Sole Proprietorship,Female,6210,1,46630,Yearly,7093829,other,660.0,actual
2026,0159,KUYA REMY'S GAS DISTRIBUTION SERVICE,RAYMUNDO D. VITERBO,Calumpang,Renewal,Retail / Trade,Retailer,Sole Proprietorship,Male,5550,1,1200,Yearly,6810833,retailer,24.0,needs_review
2026,0913,LUCKY FARM,WILSON S. DELOS SANTOS,Calumpang,Renewal,Retail / Trade,Vegetable Farming,Sole Proprietorship,,16113,1,2032600,Yearly,7092070,retailer,10163.0,actual
2026,0446,M.SEBASTIAN LIQUEFIED PETROLEUM GAS TRADING,MYLENE S. JARABAY,Calumpang,Renewal,Retail / Trade,Gasoline Station,Sole Proprietorship,Female,5550,1,51000,Yearly,6812368,retailer,1020.0,needs_review
2026,0774,MEDRYX PHARMACY,ETHEL JANE V. SEBASTIAN,Calumpang,Renewal,Retail / Trade,Pharmacy,Sole Proprietorship,Female,7400,1,120000,Yearly,7091458,retailer,1850.0,actual
2026,1051,MIKE GAS STATION,JOSEPHINE DC. SOTTO,Calumpang,Renewal,Retail / Trade,Retailer,Sole Proprietorship,Female,5650,1,732741,Yearly,7092369,retailer,11327.41,needs_review
2026,0737,PATRICIAGABRIEL SARI-SARI STORE,JASMIN D. GABRIEL,Calumpang,Renewal,Retail / Trade,Sari-sari Store,Sole Proprietorship,Female,4740,1,50000,Yearly,6812175,retailer,990.0,actual
2026,0169,RAINE LPG TRADING,JOBELLE S. GABRIEL,Calumpang,Renewal,Retail / Trade,Retailer,Sole Proprietorship,Female,5550,1,131150,Yearly,7090273,retailer,2623.0,needs_review
2026,0370,RDS-EMON LPG TRADING,RAYMOND L. DELOS SANTOS,Calumpang,Renewal,Retail / Trade,LPG Retailer,Sole Proprietorship,Male,5550,1,1200,Yearly,6812467,retailer,24.0,needs_review
2026,0590,RYUSHAN GAS STATION,MARICEL S. SISON,Calumpang,Renewal,Retail / Trade,Gasoline Station,Sole Proprietorship,Female,5550,1,1200,Yearly,7092081,retailer,24.0,needs_review
2026,0914,YUM-YUM TOFU MANUFACTURING,ANTHONY DERON DELOS SANTOS,Calumpang,Renewal,Manufacturing,Food Processing,Sole Proprietorship,Male,14050,1,706610,Yearly,7092071,manufacturer,8000.0,actual
2026,0934,ALYKS TRADING,ALEX E. ESTABAYA,Calumpang,Renewal,Services,Trucking,Sole Proprietorship,Male,7830,1,101925.02,Yearly,7091647,other,1980.0,actual
2026,1395,CUMBERSTONE TRUCKING SERVICES,TERESITA J. ESTACIO,Calumpang,Renewal,Services,Trucking,Sole Proprietorship,Female,6870,1,180000,Yearly,7094124,other,1320.0,actual
2026,0731,ERICAMOR ENTERPRISES,ERIC S. YUZON,Calumpang,Renewal,Services,Trucking,Sole Proprietorship,Male,0,1,562937,Yearly,7090172,other,4620.0,actual
2026,0688,JHENSEBASTIAN TRUCKING,JENELYN M. SEBASTIAN,Calumpang,Renewal,Services,Trucking,Sole Proprietorship,Female,30229.01,1,4935802,Yearly,7091577,other,24679.01,actual
2026,1387,R.M. MEDINA TRANSPORT SERVICES,RONALDO M. MEDINA,Calumpang,Renewal,Services,Trucking,Sole Proprietorship,Male,17450,1,737654,Yearly,7093820,other,11000.0,actual
2026,1251,ARIS' FISH AND VEGETABLE TRADING,ARIS J. FRANCISCO,Cambio,Renewal,Retail / Trade,Fish Retailer,Sole Proprietorship,Male,5770,1,12850,Yearly,7092421,retailer,220.0,actual
2026,0951,CAMBIO'S PHARMACY,REGIE M. BERNABE,Cambio,Renewal,Retail / Trade,Pharmacy,Sole Proprietorship,Male,5880,1,22500,Yearly,7092117,retailer,330.0,actual
2026,1316,"EDELYN'S FEEDS, AGRI SUPPLY AND GENERAL MERCHANDISE",EDELYN S. GABRIEL,Cambio,Renewal,Retail / Trade,Retailer,Sole Proprietorship,Female,36317.1,1,6013419,Yearly,7094955,retailer,30067.1,actual
2026,0735,GM-PRIME HARDWARE AND CONSTRUCTION SUPPLY,RYAN DELOS SANTOS GABRIEL,Cambio,Renewal,Retail / Trade,Retailer,Sole Proprietorship,,6640,1,55474,Yearly,6812164,retailer,990.0,actual
2026,1389,MAIKI  LPG  OUTLET,CLARISSA  E. KIHARA,Cambio,Renewal,Retail / Trade,LPG Retailer,Sole Proprietorship,Female,5550,1,32830,Yearly,7094102,retailer,656.6,needs_review
2026,0932,TRIPLE EJ COOKING OIL TRADING,JOEYLYN P. SAN GABRIEL,Cambio,Renewal,Retail / Trade,Rice Retailer,Sole Proprietorship,Female,12250,1,620255,Yearly,7091776,retailer,6600.0,actual
2026,1252,UNECT USED GOODS TRADING,GERLIE G. NAKAMURA,Cambio,Renewal,Retail / Trade,Ukay-ukay,Sole Proprietorship,Female,6650,1,66354,Yearly,7092420,retailer,1100.0,actual
2026,1338,WILLIAM MOTORCYCLE PARTS AND ACCESSORIES SHOP,WILLIAM A. GUTIERREZ,Cambio,Renewal,Retail / Trade,Motor Cycle Parts,Sole Proprietorship,Male,6870,1,88730,Yearly,7094983,retailer,1320.0,actual
2026,0122,YZ VEGGIES AND MEAT FOOD PRODUCTS,JACKIE LOU V. WAZAKI,Cambio,Renewal,Retail / Trade,Retailer,Sole Proprietorship,,9150,1,276795,Yearly,7090254,retailer,3300.0,actual
2026,1527,LILY'S PASTILLAS PASALUBONG CENTER,HENRY F. OCAMPO,Cambio,Renewal,Manufacturing,Sweets and Delicacies,Sole Proprietorship,Male,8987.5,1,150000,Yearly,7416805,manufacturer,2750.0,actual
2026,2022,3D-EXTREME CAR WASH,RHEGIE SANTOS DAVID,Cambio,Renewal,Services,Carwash,Sole Proprietorship,Male,11325,1,1200,Yearly,7410778,other,4620.0,actual
2026,0588,CHAT'S RESORT HOTEL,MA. CHARITO D. SAMSON,Cambio,Renewal,Services,Resort,Sole Proprietorship,Female,11570,1,214400,Yearly,7091859,amusement,4620.0,actual
2026,0972,KRIZPA FUEL DISPENSER REPAIR & CLEANING SERVICES,TRINIDAD E. ROMERO,Cambio,Renewal,Services,Electronics Repair,Sole Proprietorship,,13800,1,480588,Yearly,7091879,other,8250.0,actual
2026,1016,LEO G. RODA ENTERPRISES,LEO GATBONTON RODA,Cambio,Renewal,Services,Trucking,Sole Proprietorship,Male,6970,1,92710,Yearly,7092134,other,1320.0,actual
2026,1588,RATSADA RA TRUCKING SERVICES AND DELIVERY,RODERICK ECHAVE RIVERA,Cambio,Renewal,Services,Trucking,Sole Proprietorship,,17650,1,1576308.44,Yearly,7095992,other,11000.0,actual
2026,0023,SUPREMOS LOGISTICS SERVICES,NEIL BRYAN S. PENGSON,Cambio,Renewal,Services,Transport Services,Sole Proprietorship,Male,65000,1,15402292.66,Yearly,6808887,other,59450.0,actual
2026,0123,WAZAKI COMMERCIAL BUILDING,JACKIE LOU V. WAZAKI,Cambio,Renewal,Services,Commercial Space  Rental,Sole Proprietorship,Female,1950,1,180000,Yearly,7090253,lessor,2700.0,needs_review
2026,0695,WNG BILLS PAYMENT CENTER,JOSEPH P. GERONIMO,Cambio,Renewal,Services,Remittance Agent,Sole Proprietorship,Male,9180,1,299215,Yearly,7091563,bank_financial,3630.0,actual
2026,0702,MBF SPACE RENTAL,MANUEL B. FERNANDEZ JR.,Cambio,Renewal,Real Estate,Space Rental,Sole Proprietorship,Male,5050,1,211200,Yearly,7091557,lessor,3100.0,actual
2026,0648,3K AUTO SUPPLY,REYNALDO B. GUARDIANO,Camias,Renewal,Retail / Trade,Retailer,Sole Proprietorship,,8070,1,186763,Yearly,7091628,retailer,2420.0,actual
2026,1192,ALCHIE MARKETING,LUCILA  P. DELFINADO,Camias,Renewal,Retail / Trade,Retailer,Sole Proprietorship,Female,10150,1,465879.8,Yearly,7093687,retailer,4400.0,actual
2026,0954,ALFREDO PLASTIC STATION,MARCELINA P. ALABADO,Camias,Renewal,Retail / Trade,Plastic Retailing,Sole Proprietorship,Female,7750,1,150000,Yearly,7094134,retailer,2100.0,actual
2026,0620,APRILINE GADGETS AND ACCESSORIES SHOP,APRILINE P. FERNANDEZ,Camias,Renewal,Retail / Trade,Cellphone & Access. Retailer,Sole Proprietorship,Female,8850,1,251270.77,Yearly,7091267,retailer,3300.0,actual
2026,0784,ARMEL PUNZALAN HAIR REBONDING CENTER (CAMIAS),ARMEL C. PUNZALAN,Camias,Renewal,Retail / Trade,Native Products Retailing,Sole Proprietorship,Male,4770,1,95000,Yearly,7091474,retailer,1320.0,actual
2026,1383,BEN-BEV CHICKEN TRADING,BENJAMIN D. GALVEZ,Camias,Renewal,Retail / Trade,Chicken Retailer,Sole Proprietorship,Male,7850,1,240000,Yearly,7093842,retailer,2300.0,actual
2026,0257,BMJ  INDUSTRIAL & FARM SUPPLY,BILLY RAY S. ROQUE,Camias,Renewal,Retail / Trade,Retailer,Sole Proprietorship,Male,15750,1,1555667,Yearly,6810924,retailer,10000.0,actual
2026,0878,BOSS-DON SARI-SARI STORE,MARICEL M. AGUILAR,Camias,Renewal,Retail / Trade,Sari-sari Store,Sole Proprietorship,Female,5600,1,105000,Yearly,7094781,retailer,1850.0,actual
2026,0272,BPE WATER REFILLING STATION,BRYAN P. ESTANISLAO,Camias,Renewal,Retail / Trade,Water Refilling Station,Sole Proprietorship,Male,7520,1,288000,Yearly,6811708,retailer,1870.0,actual
2026,1719,BRADLEY'S FARM,JOHN BENEDICT H. GO,Camias,Renewal,Retail / Trade,Livestock,Sole Proprietorship,,30350,1,778829,Yearly,7096924,retailer,8000.0,actual
2026,0877,BREAD STATION 2011,SHARMAINE ALYSSA C. AGARAN,Camias,Renewal,Retail / Trade,Bakery,Sole Proprietorship,Female,6870,1,58766,Yearly,7092383,retailer,1320.0,actual
2026,1356,CAMIAS DRUGSTORE,HERSHEY PELAYO SARMIENTO,Camias,Renewal,Retail / Trade,Pharmacy,Sole Proprietorship,Female,9450,1,323831.33,Yearly,7093832,retailer,3900.0,actual
2026,0924,CASTRO JUNK SHOP,ANJO MARIANO CASTRO,Camias,Renewal,Retail / Trade,Junkshop,Sole Proprietorship,Male,5990,1,36000,Yearly,7092077,other,440.0,actual
2026,0471,LAMBAN RICE STORE,CRISTINA R. LAMBAN,San Jose,Renewal,Retail / Trade,Retailer,Sole Proprietorship,Female,7400,1,149000,Yearly,7406019,retailer,1480.0,actual
2026,1430,CKB AUTO SUPPLY AND GENERAL MERCHANDISE,CEZAR  K. BUENAVENTURA JR.,Camias,Renewal,Retail / Trade,Retailer,Sole Proprietorship,Male,13750,1,932985.6,Yearly,7093248,retailer,8000.0,actual
2026,0494,CRIS CYCLE PARTS,CRIS J. ORTEGA,Camias,Renewal,Retail / Trade,Retailer,Sole Proprietorship,Male,7400,1,113100,Yearly,7090199,retailer,1850.0,actual
2026,1351,DEN'S SARI-SARI STORE,DENMARK GATMAITAN RAMIREZ,Camias,Renewal,Retail / Trade,Sari-sari Store,Sole Proprietorship,Male,7400,1,104140,Yearly,7091613,retailer,1850.0,actual
2026,1224,AHNO GLASS  AND  ALUMINUM WORKS,ARNOLD A. MANLAPIG,San Agustin,Renewal,Services,Glass Aluminum,Sole Proprietorship,Male,10087.5,1,240000,Yearly,7414627,other,3630.0,actual
2026,0154,E.R.M PROPERTY RENTAL (CAMIAS),ELSIE R. MAGSINO,Camias,Renewal,Retail / Trade,Rental / Apartment,Sole Proprietorship,Female,21390,1,1302000,Yearly,7091586,lessor,19440.0,actual
2026,1037,EDLOR'S MILKTEA STATION,LORILYN  A. DE ELLY,Camias,Renewal,Retail / Trade,Milk Tea,Sole Proprietorship,Female,2137,1,9864,Yearly,7092075,food_beverage,187.0,actual
2026,0910,ELJAY-ARJAY GAS STATION AND CARWASH,JONATHAN D. HERRERA,Camias,Renewal,Retail / Trade,Gasoline Station,Sole Proprietorship,Male,5650,1,7658977.93,Yearly,7092062,retailer,80589.78,needs_review
2026,0553,ERVP CONSUMER GOODS TRADING,JESSICA D. URMATAN,Camias,Renewal,Retail / Trade,Retailer,Sole Proprietorship,Female,30874.97,1,5044993.75,Yearly,7091276,retailer,25224.97,actual
2026,1358,ETOMAK BIKE SHOP,Celso P. Garcia Jr.,Camias,Renewal,Retail / Trade,Bicycle Spare Parts/Accessories,Sole Proprietorship,,7400,1,122406,Yearly,7094104,retailer,1850.0,actual
2026,1143,ASLAN SUBSIDIARY MANAGEMENT OFFICE SERVICE,FRANCIS T. TOLENTINO,Pulong Bayabas,Renewal,Services,Sub-Contractor,Sole Proprietorship,Male,3750,1,1200,Yearly,7098190,contractor,27.5,needs_review
2026,0640,EVERYTHING ABOUT CLOTHES RTW STORE,MERCEDITO O. HERNANDEZ,Camias,Renewal,Retail / Trade,RTW,Sole Proprietorship,Male,8950,1,186134,Yearly,7092406,retailer,3300.0,actual
2026,1653,FINS & TAILS PET SHOP,VIRGILLO L. IGNACIO,Camias,Renewal,Retail / Trade,Retailer,Sole Proprietorship,Male,7810,1,339981,Yearly,7412737,retailer,4400.0,actual
2026,0614,GEORGE NIDA TRADING,LEONIDA V. BUCO,Camias,Renewal,Retail / Trade,Retailer,Sole Proprietorship,Female,33867.96,1,5043591.03,Yearly,7091158,retailer,25217.96,actual
2026,1320,IMELDA'S SILVER AND FASHION ACCESSORIES,IMELDA B. STEIN,Camias,Renewal,Retail / Trade,Silver Accessories,Sole Proprietorship,Female,4270,1,80385,Yearly,7092639,retailer,1320.0,actual
2026,0554,J&E SCOOTER PARTS AND ACCESSORIES TRADING,ERIES JAY CRISOSTOMO PAYAWAL,Camias,Renewal,Retail / Trade,Motor Cycle Parts,Sole Proprietorship,Male,6540,1,50000,Yearly,7091271,retailer,990.0,actual
2026,1101,JACOB PAINT CENTER & GENERAL MERCHANDISE,EDWIN G. SARMIENTO,Camias,Renewal,Retail / Trade,Paint Center,Sole Proprietorship,Male,7700,1,111505,Yearly,7093209,retailer,1850.0,actual
2026,0660,JONAS-DEN CONTRUCTION SUPPLY,DENMARK G. RAMIREZ,Camias,Renewal,Retail / Trade,Const. & Gen. Mdse.,Sole Proprietorship,Male,7400,1,138390,Yearly,7091612,retailer,1850.0,actual
2026,0613,JRTH HOME LIGHTINGS TRADING,RAUL C. HIPOLITO,Camias,Renewal,Retail / Trade,Retailer,Sole Proprietorship,Male,11490,1,650180,Yearly,7091297,retailer,5940.0,actual
2026,0052,KC DE CASTRO GAS STATION,KATHLEEN CHRISIA DC REYES,Camias,Renewal,Retail / Trade,Retailer,Sole Proprietorship,Female,6450,1,158384,Yearly,6811714,retailer,3167.68,needs_review
2026,1283,LITO'S ROOFING MATERIALS TRADING,MARRY ANN V. CASTRO,Camias,Renewal,Retail / Trade,Retailer,Sole Proprietorship,Female,10050,1,480855,Yearly,7094760,retailer,4400.0,actual
2026,1616,LOUIE ANNE WATER STATION AND SUPPLY,ALEXANDER P. MANCERA,Camias,Renewal,Retail / Trade,Water Refilling Station,Sole Proprietorship,Male,11650,1,955100,Yearly,7096261,retailer,6000.0,actual
2026,1604,M.C.A. SOLAR LIGHTS TRADING,MARICRIS ANTONIO CRISTOBAL,Camias,Renewal,Retail / Trade,Retailer,Sole Proprietorship,Female,8950,1,201417,Yearly,7094126,retailer,3300.0,actual
2026,0466,MARKIM BREADS AND PASTRIES,TERESITA B. ZABAT,Camias,Renewal,Retail / Trade,Retailer,Sole Proprietorship,Female,7350,1,345444,Yearly,7090881,retailer,4400.0,actual
2026,1428,MILL LPG TRADING,CEANNE DAVE S. BUENAVENTURA,Camias,Renewal,Retail / Trade,Retailer,Sole Proprietorship,Female,5650,1,640205,Yearly,7093249,retailer,10402.05,needs_review
2026,0485,NOVIEL'S SIOMAI,DANIEL S. PABLO,Camias,Renewal,Retail / Trade,Retailer,Sole Proprietorship,Male,10896.1,1,676407.24,Yearly,7090262,retailer,7946.1,actual
2026,1134,N'ZHAR  AGRICULTURAL  AND POULTRY SUPPLY,JENNY A. NAZAR,Camias,Renewal,Retail / Trade,Retailer,Sole Proprietorship,Female,6700,1,114460,Yearly,7093352,retailer,1150.0,actual
2026,1379,O.P.A.P. HARDWARE,ANA PAMELA M. VANGUARDIA,Camias,Renewal,Retail / Trade,Hardware,Sole Proprietorship,Female,13650,1,1929796.68,Yearly,7093843,retailer,8000.0,actual
2026,1526,GOLDEN BELL TRUCKING,MARCELO F. MAGLAQUE,Sibul,Renewal,Services,Trucking,Sole Proprietorship,Male,20371.44,1,18107945.08,Quarterly,7409776,other,20371.44,actual
2026,0074,PANEL X HOME AND OFFICE DECOR RETAILING,FRANCESCA NICOLE M. DAZON,Camias,Renewal,Retail / Trade,Home Furniture,Sole Proprietorship,Female,12150,1,666915,Yearly,6812360,retailer,6600.0,actual
2026,0266,PHARMAGROW DRUGSTORE,GERARDO A. MAGTALAS,Camias,Renewal,Retail / Trade,Drugstore,Sole Proprietorship,,9950,1,349546.67,Yearly,6811720,retailer,4400.0,actual
2026,0452,R.M.T CARLOS MOTORCYCLE PARTS AND ACCESSORIES SHOP,ROMIL T. CARLOS,Camias,Renewal,Retail / Trade,Motor Cycle Parts,Sole Proprietorship,Male,12850,1,501716,Yearly,7090884,retailer,6600.0,actual
2026,1109,RACHEL PREMIUMM UKAYUKAY USED CLOTHING TRADING,RACHEL L. TRIPULCA,Camias,Renewal,Retail / Trade,Ukay-ukay,Sole Proprietorship,Female,7850,1,260634.5,Yearly,7093213,retailer,2300.0,actual
2026,0983,RAM GASOLINE STATION,AMELIA S. MAÑAOL,Camias,Renewal,Retail / Trade,Retailer,Sole Proprietorship,Female,5750,1,2966363.9,Yearly,7091872,retailer,33663.64,needs_review
2026,1576,RC PAINT CENTER,CHARLENE ELAISA ADAGAO GRAVADOR,Camias,Renewal,Retail / Trade,Paint Center,Sole Proprietorship,Female,6540,1,1200,Yearly,7095968,retailer,990.0,actual
2026,0166,TRIPLE BBB CHICHARON,ERLINDA SM CASTILLO,Sta. Rita Bata,Renewal,Retail / Trade,Retailer,Sole Proprietorship,Female,13550,1,1040000,Yearly,7091640,retailer,8000.0,actual
2026,1365,YUNOS GENERAL MERCHANDISE,YUNOS L. SOLAIMAN,San Jose,Renewal,Retail / Trade,Cellphone & Access. Retailer,Sole Proprietorship,Male,7887.5,1,200000,Yearly,7409762,retailer,1870.0,actual
2026,1949,RUSH-HOUR GASOLINE STATION,NORMITA N. DELFIN,Camias,Renewal,Retail / Trade,Gasoline Station,Sole Proprietorship,Female,5650,1,273458.21,Yearly,7407718,retailer,5469.16,needs_review
2026,1103,RYK HYDRAULIC HOSE AND GENERAL MERCHANDISE,ROBINSON Y. KING,Camias,Renewal,Retail / Trade,Retailer,Sole Proprietorship,,8950,1,259812.31,Yearly,7093211,retailer,3300.0,actual
2026,0897,RYLE TILES CENTER,LAICA MAE M. SALIN,Camias,Renewal,Retail / Trade,Tiles Supply,Sole Proprietorship,Female,8850,1,210481,Yearly,7092602,retailer,3300.0,actual
2026,1696,SANJI TRUCK PARTS TRADING,NESSIE D. PASATIEMPO,Camias,Renewal,Retail / Trade,Motor Cycle Parts,Sole Proprietorship,Male,8850,1,267970,Yearly,7096348,retailer,3300.0,actual
2026,0772,SMPC PAINT CENTER,MARK ANTHONY B. BELGA,Camias,Renewal,Retail / Trade,Paint Center,Sole Proprietorship,,8850,1,248471,Yearly,7091461,retailer,3300.0,actual
2026,0623,"TITA OLIVE LECHON MANOK, LIEMPO, SISIG                                    AND MEAT PRODUCTS RETAILER",OLIVIA R. BUENCAMINO,Camias,Renewal,Retail / Trade,Retailer,Sole Proprietorship,Female,9950,1,345000,Yearly,7092082,retailer,4400.0,actual
2026,1374,TRI-APS HARDWARE & CONSTRUCTION SUPPLIES,ANTHONY P. SARMIENTO,Camias,Renewal,Retail / Trade,Hardware,Sole Proprietorship,Male,20551.17,1,2960233,Yearly,7093814,retailer,14801.17,actual
2026,0853,TRIPLE Z VEHICLE TIRES AND BATTERIES TRADING,MADELYN T. TANCHICO,Camias,Renewal,Retail / Trade,Tires And Battery Supply,Sole Proprietorship,Female,10550,1,1761216,Yearly,7092622,retailer,5000.0,actual
2026,1096,W & G LUMBER & HARDWARE,GRACE T. PAYAWAL,Camias,Renewal,Retail / Trade,Retailer,Sole Proprietorship,,15550,1,1608090,Yearly,7093223,retailer,10000.0,actual
2026,0708,WASH N' GRUB - CAMIAS,REVY P. TUAZON,Camias,Renewal,Retail / Trade,Retailer,Sole Proprietorship,,8850,1,288650,Yearly,7092352,retailer,3300.0,actual
2026,0215,WILFREDO FLORES STALL LEASING,WILFREDO B. FLORES,Camias,Renewal,Retail / Trade,Rental / Apartment,Sole Proprietorship,Male,5550,1,360000,Yearly,6810819,lessor,3600.0,actual
2026,0988,ZEHF AND ZEEV CLOTHING SHOP,MICHELLE M. DIZON,Camias,Renewal,Retail / Trade,Ukay-ukay,Sole Proprietorship,Female,6970,1,177650,Yearly,7091868,retailer,1420.0,actual
2026,0544,JLH CAKES AND PASTRIES MANUFACTURING,JAZTINE L. HAPA,Camias,Renewal,Manufacturing,Sweets Making,Sole Proprietorship,Female,7400,1,240662,Yearly,7091280,manufacturer,1850.0,actual
2026,0785,M DIAZ FOOD PRODUCTS MANUFACTURING,MARIBEL DE GUZMAN DIAZ,Camias,Renewal,Manufacturing,Mushroom Production,Sole Proprietorship,Female,13550,1,681252,Yearly,7091468,manufacturer,8000.0,actual
2026,0811,MGM'S COCO LUMBER TRADING,MERY GRACE C. MALLORCA,Camias,Renewal,Manufacturing,Wood Craft,Sole Proprietorship,Female,8500,1,190805,Yearly,7092138,manufacturer,2750.0,actual
2026,0561,MIN'S MIRACULOUS MUSHROOM,DEXTER L. AMATORIO,Camias,Renewal,Manufacturing,Mushroom Production,Sole Proprietorship,,19300,1,1143067,Yearly,7091253,manufacturer,13750.0,actual
2026,1809,MJN FOOD PRODUCTS MANUFACTURING,MARCELINO DELA FUENTE SANTOS,Camias,Renewal,Manufacturing,Chicharon Manufacturer,Sole Proprietorship,Male,5850,1,1200,Yearly,7098176,manufacturer,165,needs_review
2026,1344,R DE C FOOD KIOSK,ANN CHERYL FERNANDEZ GALVEZ,Camias,Renewal,Manufacturing,Food Processing,Sole Proprietorship,Female,4370,1,50000,Yearly,7094799,manufacturer,1320.0,actual
2026,1369,ZABAT WOOD FURNITURE MANUFACTURING,ANA LIZA Z. AREVALO,Camias,Renewal,Manufacturing,Wood Craft,Sole Proprietorship,Female,5550,1,1200,Yearly,7093811,manufacturer,165,needs_review
2026,0439,A.D. ABANES ENTERPRISES,AVELINO D. ABANES,Camias,Renewal,Services,Repair Shop,Sole Proprietorship,Male,8390,1,190396.59,Yearly,6812378,other,2640.0,actual
2026,1193,ALCHIE TRANSPORT SERVICES,LUCILA P. DELFINADO,Camias,Renewal,Services,Trucking,Sole Proprietorship,Female,15000,1,465879.8,Yearly,7093688,other,9250.0,actual
2026,1631,ALFREDO GALANG INJECTION PUMP CALIBRATION SERVICES,ALFREDO P. GALANG,Camias,Renewal,Services,Repair Shop,Sole Proprietorship,Male,6870,1,98650,Yearly,7094785,other,1320.0,actual
2026,1770,AMB FOOD CORNER,MICHELLE CHAN CHAN,Camias,Renewal,Services,Food Shop/Center,Sole Proprietorship,Female,3200,1,200000,Yearly,7097134,food_beverage,200.0,actual
2026,0478,ARKANGHEL FAST-FOOD CHAIN,NERISSA ROMULO TENGCO,Camias,Renewal,Services,Food Shop/Center,Sole Proprietorship,Female,7557.5,1,1200,Yearly,7090260,food_beverage,2007.5,actual
2026,0667,ASIA UNITED BANK CORPORATION,ASIA UNITED BANK CORPORATION,Camias,Renewal,Services,Banking,Sole Proprietorship,,34019.02,1,5593804.46,Yearly,7091603,bank_financial,27969.02,actual
2026,0643,B.S. BABAS CONSTRUCTION,BALTAZAR S. BABAS,Camias,Renewal,Services,Contractor,Sole Proprietorship,,17200,1,891188,Yearly,7092605,contractor,10250.0,actual
2026,1936,BHAYBIE'S CATERING SERVICES,DAVE AUSTIN SARMIENTO ARROYO,Camias,Renewal,Services,Catering,Sole Proprietorship,Male,17933.46,1,2381355,Yearly,7407702,food_beverage,9906.77,actual
2026,1100,CG SEVEN SPACE RENTAL,MARIA LUISA P. GUTIERREZ,Camias,Renewal,Services,Rentals,Sole Proprietorship,Female,7050,1,653630,Yearly,7093208,lessor,5100.0,actual
2026,1098,CHAMBY GRILL HOUSE,WILLIAM L. PAYAWAL,Camias,Renewal,Services,Restaurant,Sole Proprietorship,Male,6870,1,80000,Yearly,7093224,food_beverage,1320.0,actual
2026,1549,COZYLITE TRANSPORT,ESMERALDA  A. BAUTISTA,Camias,Renewal,Services,Courier Services,Sole Proprietorship,Female,16550,1,1841200,Yearly,7095958,other,11000.0,actual
2026,0715,CRISTINA'S COMMERCIAL SPACE,CRISTINA C. COMIA,Camias,Renewal,Services,Rentals,Sole Proprietorship,Female,7450,1,96000,Yearly,7092245,lessor,5500.0,actual
2026,0484,DNG BUILDING,DANIEL S. PABLO,Camias,Renewal,Services,Apartment,Sole Proprietorship,Male,4950,1,596815,Yearly,7090261,lessor,3000.0,actual
2026,0373,DNG RENTAL,ANGELITA P DELOS SANTOS,Camias,Renewal,Services,Rentals,Sole Proprietorship,Female,28700,1,223251.45,Yearly,6812454,lessor,26750.0,actual
2026,1139,DUARTE'S KOREAN CUISINE RESTAURANT,JOHN PAUL LIWAG KABIGTING,Camias,Renewal,Services,Restaurant,Sole Proprietorship,Male,6850,1,174941,Yearly,7093371,food_beverage,1300.0,actual
2026,1308,EDZ AUTO CARE CENTER,EDNA C . GONZALES,Camias,Renewal,Services,Carwash,Sole Proprietorship,Female,7730,1,120000,Yearly,7094780,other,1980.0,actual
2026,0482,EIGHT BLESSINGS BEAUTY AND WELLNESS HUB,JOY MARIE M. CARPIO,Camias,Renewal,Services,Salon,Sole Proprietorship,Female,6090,1,301700,Yearly,7090941,other,2640.0,actual
2026,0847,FOOD UNITED FOODS CORPORATION                                                          (MANG INASAL),FOOD UNITED FOODS CORPORATION / MA. VICTORIA T. BURGOS,Camias,Renewal,Services,Food Shop/Center,Sole Proprietorship,,212262.13,1,42781175.4,Quarterly,7407746,food_beverage,212262.13,actual
2026,1600,FRANCISCO TINIO ENTERPRISES,FRANCISCO S. TINIO,Camias,Renewal,Services,Trucking,Sole Proprietorship,Male,16200,1,971450,Yearly,7095998,other,10250.0,actual
2026,0342,FRANCISCO'S RESORT,FRANCISCO U. SEGURA JR.,Camias,Renewal,Services,Recreation,Sole Proprietorship,Male,10880,1,208750,Yearly,6811833,amusement,3630.0,actual
2026,1343,GALVEZ-FERNANDEZ POLYCLINIC,ANN CHERYL F. GALVEZ,Camias,Renewal,Services,Medical Clinic,Sole Proprietorship,Female,9680,1,200000,Yearly,7094951,other,3630.0,actual
2026,0320,GILBERT AUTO AIRCON & ELECTRICAL SHOP,GILBERT P. MANANSALA,Camias,Renewal,Services,Auto Repair Shop,Sole Proprietorship,,9180,1,298802.85,Yearly,6812153,other,3630.0,actual
2026,0651,GINERIC GLASS & ALUMINUM CONTRACTOR,ERICSON P. ESGUERRA,Camias,Renewal,Services,Glass Aluminum,Sole Proprietorship,Male,21150,1,1906456.32,Yearly,7091620,other,13500.0,actual
2026,1460,GMC'S FOOD STOP,GIAN MATIAS CHUA,Camias,Renewal,Services,Food Shop/Center,Sole Proprietorship,Male,5550,1,1200,Yearly,7410767,food_beverage,3.0,needs_review
2026,0776,J N J BUSTOP & PASALUBONG CENTER,MARK JAYSON C. DE VERA,Camias,Renewal,Services,Restaurant,Sole Proprietorship,Male,10080,1,240000,Yearly,7091452,food_beverage,3630.0,actual
2026,0191,JACS COMMERCIAL ENTERPRISES,PABLO C. SANTOS,Camias,Renewal,Services,Building Rental,Sole Proprietorship,Male,14550,1,840000,Yearly,6808871,lessor,12600.0,actual
2026,1509,JMS CUSTOM-MADE TAILORING SERVICES,JOHN WESLEY P. DE GUZMAN,Camias,Renewal,Services,Tailoring,Sole Proprietorship,Male,3450,1,1200,Yearly,7095121,other,5,needs_review
2026,0771,JNM ENTERPRISES CORPORATION,JNM ENTERPRISES CORPORATION,Camias,Renewal,Services,Beauty Center,Sole Proprietorship,,8470,1,256700,Yearly,7091462,other,4620.0,actual
2026,0407,KCJ PARESAN,KC ANN B. MANALILI,Camias,Renewal,Services,Eatery,Sole Proprietorship,Female,7530,1,143675,Yearly,6812496,food_beverage,1980.0,actual
2026,1095,LADY G TRADING,LANCE T. PAYAWAL,Camias,Renewal,Services,Trucking,Sole Proprietorship,,15100,1,724406,Yearly,7093221,other,9250.0,actual
2026,1841,LEDRO PRIVATE RESORT,RIANN JEROME P. OLIVEROS,Camias,Renewal,Services,Resort,Sole Proprietorship,Male,7050,1,1200,Yearly,7099158,amusement,15.0,needs_review
2026,0289,LVG BUILDING,EVANGELINE E. GABAGAT,Camias,Renewal,Services,Rentals,Sole Proprietorship,Female,11950,1,1200,Yearly,6811732,lessor,10000.0,actual
2026,0693,M.I.V AIRCONDITIONING & REFRIGERATION SHOP,IAN HUMPREY MARIN VILLAFLOR,Camias,Renewal,Services,Auto Repair Shop,Sole Proprietorship,Male,6430,1,57100,Yearly,7091581,other,880.0,actual
2026,1492,M.M. BULAN TRUCKING SERVICES,MANUEL MAXIMO C. BULAN,Camias,Renewal,Services,Trucking,Sole Proprietorship,Male,11710,1,397000,Yearly,7095955,other,6160.0,actual
2026,1404,MAE MARC TRUCKING SERVICES,RICHARD S. KING,Camias,Renewal,Services,Trucking,Sole Proprietorship,,5650,1,1200,Yearly,7099173,other,5,needs_review
2026,1683,MANGALUZ FOOD CART,GRACE VARGAS MANGALUZ,Camias,Renewal,Services,Food Shop/Center,Sole Proprietorship,Female,5130,1,114518,Yearly,7096336,food_beverage,1980.0,actual
2026,1396,MIRELLE AESTHETIC CLINIC,MIRELLE JOYCE DS MONTEREY,Camias,Renewal,Services,Clinic,Sole Proprietorship,Female,5430,1,119000,Yearly,7094123,other,1980.0,actual
2026,1409,MSRC COMMERCIAL SPACE RENTAL,MARIA SHEILA R. CRUZ,Camias,Renewal,Services,Rentals,Sole Proprietorship,Female,3570,1,54000,Yearly,7093361,lessor,1620.0,actual
2026,0077,MVD RENTALS (MCDO),VIVIAN M. DAZON,Camias,Renewal,Services,Rentals,Sole Proprietorship,Female,10950,1,1200,Quarterly,6812367,lessor,36000.0,actual
2026,0144,GLENBUTCH ENTERPRISES,JEROLYN A. PABLO,Sta. Ines,Renewal,Services,Trucking,Sole Proprietorship,Female,4950,1,1200,Yearly,7092633,other,1500.0,actual
2026,0856,NPCAJALNE TRUCKING SERVICES,LEONARDO C. CAJALNE,Camias,Renewal,Services,Trucking,Sole Proprietorship,Male,9180,1,195388.67,Yearly,7092634,other,3630.0,actual
2026,1111,PRADEZ SPACE RENTAL,CHRISTOPHER DE GUZMAN PRADEZ,Camias,Renewal,Services,Rentals,Sole Proprietorship,Male,4950,1,300000,Yearly,7093207,lessor,3000.0,actual
2026,1110,RACHEL TRIPULCA CONSUMER GOODS TRADING,RACHEL L. TRIPULCA,Camias,Renewal,Services,Canteen,Sole Proprietorship,Female,6857,1,260634.5,Yearly,7093214,food_beverage,1307.0,actual
2026,0622,"RNB SPACE RENTAL (SAN PEDRO,CAMIAS,SMB)",POL DAVID R. BUENCAMINO,Camias,Renewal,Services,Apartment,Sole Proprietorship,Male,4950,1,196800,Yearly,7092088,lessor,3000.0,actual
2026,0224,ROSEMARY SANTOS RENTAL SPACE,ROSEMARY J. SANTOS,Camias,Renewal,Services,Rentals,Sole Proprietorship,Female,3750,1,120000,Yearly,6810802,lessor,1800.0,actual
2026,1276,RWRDC TRUCKING SERVICES,JOYCE ANN H. AQUINO,Camias,Renewal,Services,Trucking,Sole Proprietorship,Female,23550,1,912000,Yearly,7094146,other,18000.0,actual
2026,0957,SANTIAGO APPLIANCE REPAIR SERVICES,ROSS ALLAIN S. SANTIAGO,Camias,Renewal,Services,Repair Shop,Sole Proprietorship,,6870,1,99000,Yearly,7092123,other,1320.0,actual
2026,1679,PRIMELOT CONSULTANCY AND LAND SURVEYING SERVICES,JEFFERSON B. JAYMALIN,Sta. Rita Matanda,Renewal,Services,Labor Contractor,Sole Proprietorship,Male,0,1,19050,Yearly,,contractor,165,no_match
2026,0233,T.S.V. BUILDING,TERESITA V. VILLANUEVA,Camias,Renewal,Services,Building Rental,Sole Proprietorship,Female,8950,1,363000,Yearly,6810907,lessor,7000.0,actual
2026,1413,TOP LAND COMMERCIAL,ARNULFO Y. KING,Camias,Renewal,Services,Rentals,Sole Proprietorship,Male,16100,1,951640,Yearly,7093245,lessor,10250.0,actual
2026,1656,VDS TRUCKING,JONATHAN A. DELOS SANTOS,Camias,Renewal,Services,Trucking,Sole Proprietorship,Male,14000,1,475060.32,Yearly,7096305,other,8250.0,actual
2026,1328,VECLOVER SALON,VIOLETA S. TUAZON,Camias,Renewal,Services,Salon,Sole Proprietorship,Female,7180,1,176010,Yearly,7092640,other,3630.0,actual
2026,0893,WL BOYS CARWASH AND DETAILING SERVICES,LEONCIO DC LAURENTE JR.,Camias,Renewal,Services,Carwash,Sole Proprietorship,Male,10080,1,191890,Yearly,7092608,other,3630.0,actual
2026,1312,ZIANNE & ZIONNE TRUCKING SERVICES,Christianne Joeffrey M. Gonzales,Camias,Renewal,Services,Trucking,Sole Proprietorship,,8190,1,155000,Yearly,7094792,other,2640.0,actual
2026,0072,"MVD RENTALS (TILES CENTER, LOLA BABY'S)",VIVIAN M. DAZON,Camias,Renewal,Real Estate,Space Rental,Sole Proprietorship,Female,6750,1,1200,Yearly,6812362,lessor,4800.0,actual
2026,0004,A1J COMMERCIAL SPACE RENTAL,MARICEL V. CRUZ,Camias,Renewal,Real Estate,Space Rental,Sole Proprietorship,Female,7110,1,234000,Yearly,7092096,lessor,5160.0,actual
2026,0576,3MB EMPLOYMENT AGENCY,MARCELINA DC SALANDANAN,Paliwasan,Renewal,Services,Travel  Agency,Sole Proprietorship,Female,9180,1,210149.28,Yearly,7091759,other,3630.0,actual
2026,0982,ASM BUILDING RENTAL,AMELIA S. MAÑAOL,Camias,Renewal,Real Estate,Space Rental,Sole Proprietorship,Female,7950,1,600000,Yearly,7091871,lessor,6000.0,actual
2026,1293,ATHENA'S PROPERTY RENTAL (CAMIAS),MYLINE P. OCAMPO,Camias,Renewal,Real Estate,Space Rental,Sole Proprietorship,,1950,1,1200,Yearly,7094774,lessor,18.0,needs_review
2026,0833,CLINT COMMERCIAL SPACE RENTAL,CLINT ILUSTRE SAN ROQUE,Camias,Renewal,Real Estate,Space Rental,Sole Proprietorship,Male,5550,1,360000,Yearly,7090877,lessor,3600.0,actual
2026,0127,DE CASTRO - SANTOS COMMERCIAL LOT RENTAL (CAMIAS),MARIANNE DECASTRO  SANTOS,Camias,Renewal,Real Estate,Leasing,Sole Proprietorship,Female,6150,1,60498.5,Yearly,6810828,lessor,4200.0,actual
2026,1102,EMMANUEL AND MIKEE LOT LEASING,EMMANUEL G. PABLO,Camias,Renewal,Real Estate,Leasing,Sole Proprietorship,Male,8150,1,329780.67,Yearly,7093210,lessor,6200.0,actual
2026,1330,ESPINOSA LAND AND BUILDING LEASING (CAMIAS),ALEXANDER L. ESPINOSA,Camias,Renewal,Real Estate,Space Rental,Sole Proprietorship,Male,6000,1,270000,Yearly,7092647,lessor,4050.0,actual
2026,0353,FLS SPACE RENTAL,FLORABEL L. SORINO,Camias,Renewal,Real Estate,Space Rental,Sole Proprietorship,,4950,1,252000,Yearly,6812358,lessor,3000.0,actual
2026,0980,GMJC COMMERCIAL SPACE RENTAL,GREGORIA M. CRUZ,Camias,Renewal,Real Estate,Space Rental,Sole Proprietorship,Female,4950,1,300000,Yearly,7091869,lessor,3000.0,actual
2026,0766,JBG STALL RENTALS COMMERCIAL SPACE RENTAL,JOSEPH BENJAMIN S. GONZALES,Camias,Renewal,Real Estate,Space Rental,Sole Proprietorship,Male,3750,1,45000,Yearly,7091597,lessor,1800.0,actual
2026,1048,OZL GENRL MDSE RESIDENTIAL BUILDING CONSTRUCTION,JAYSON DL LAGSAC,Pulong Bayabas,Renewal,Services,Construction,Sole Proprietorship,Male,11710,1,399360,Yearly,7092201,contractor,6160.0,actual
2026,1615,JRE COMMERCIAL SPACE RENTAL,JOVELLE R. EUGENIO,Camias,Renewal,Real Estate,Space Rental,Sole Proprietorship,Female,1950,1,1200,Yearly,7096260,lessor,18.0,needs_review
2026,1386,LYDIA SPACE RENTAL,LYDIA SANGLAY GONZALES,Camias,Renewal,Real Estate,Space Rental,Sole Proprietorship,Female,2760,1,54000,Yearly,7093823,lessor,810.0,actual
2026,0392,MARISSA COMMERCIAL OFFICE SPACE RENTAL,MARISSA M. SUNGA,Camias,Renewal,Real Estate,Space Rental,Sole Proprietorship,Female,3750,1,1200,Yearly,6812462,lessor,1800.0,actual
2026,0078,"MVD RENTALS - (SOUTH STAR DRUG, E-BIKE)",VIVIAN M. DAZON,Camias,Renewal,Real Estate,Space Rental,Sole Proprietorship,Female,3150,1,1200,Yearly,6812365,lessor,1200.0,actual
2026,0073,MVD RENTALS (JKTH),VIVIAN M. DAZON,Camias,Renewal,Real Estate,Space Rental,Sole Proprietorship,Female,8700,1,1200,Yearly,6812364,lessor,6750.0,actual
2026,0211,NORMA  V COMMERCIAL LEASING - SEA OIL,NORMA TECSON VIOLA,Camias,Renewal,Real Estate,Leasing,Sole Proprietorship,Female,12750,1,720000,Yearly,6810901,lessor,10800.0,actual
2026,0304,REIGN BUILDING RENTAL (CAMIAS),ANALIZA R. IGNACIO,Camias,Renewal,Real Estate,Space Rental,Sole Proprietorship,Female,10450,1,747652,Yearly,6812187,lessor,8500.0,actual
2026,0958,RUDING & MELY PROPERTY LEASING,EMILIANA B. MATA,Camias,Renewal,Real Estate,Leasing,Sole Proprietorship,Female,7150,1,480000,Yearly,7092120,lessor,5200.0,actual
2026,1235,SONCHIE'S  SPACE RENTAL,SONCHIE C. BALTAZAR,Camias,Renewal,Real Estate,Space Rental,Sole Proprietorship,Female,3350,1,60000,Yearly,7091634,lessor,1400.0,actual
2026,0213,TITA HARA LAND LEASING,O'HARA  T.  VIOLA,Camias,Renewal,Real Estate,Leasing,Sole Proprietorship,Female,4290,1,156000,Yearly,6810820,lessor,2340.0,actual
2026,0854,TJZM PROPERTY RENTAL,MERCELITA D. TALUSAN,Camias,Renewal,Real Estate,Space Rental,Sole Proprietorship,,2450,1,1200,Yearly,7092623,lessor,500.0,actual
2026,1634,VIRIBUS LOT LEASING,LORENZO C. VIRI,Camias,Renewal,Real Estate,Space Rental,Sole Proprietorship,Male,11448,1,633204,Yearly,7096277,lessor,9498.0,actual
2026,0830,ZENEIDA P. SALVADOR - LESSOR (CHOWKING),ZENEIDA P. SALVADOR,Camias,Renewal,Real Estate,Space Rental,Sole Proprietorship,Female,8350,1,696000,Yearly,7090910,lessor,6400.0,actual
2026,1163,ZENEIDA P. SALVADOR - LESSOR (JOLLIBEE),ZENEIDA P. SALVADOR - LESSOR,Camias,Renewal,Real Estate,Space Rental,Sole Proprietorship,Female,16950,1,1620000,Yearly,7090908,lessor,15000.0,actual
2026,0832,ZENEIDA P. SALVADOR-LESSOR (MANG INASAL),ZENEIDA P. SALVADOR,Camias,Renewal,Real Estate,Space Rental,Sole Proprietorship,Female,13150,1,1308000,Yearly,7090909,lessor,11200.0,actual
2026,0268,NDF ENTERPRISE,MARICAR I. FAJARDO,Ilog Bulo,Renewal,Retail / Trade,Retailer,Sole Proprietorship,,16502.6,1,2190520.32,Yearly,6811749,retailer,10952.6,actual
2026,0819,STAR J AGRICULTURAL AND POULTRY SUPPLY,SONNY M. DELA PAZ,Ilog Bulo,Renewal,Retail / Trade,Retailer,Sole Proprietorship,Male,8850,1,202500,Yearly,7091481,retailer,3300.0,actual
2026,1633,GAMBOA TRUCKING SERVICES,GIVIE S. GAMBOA,Ilog Bulo,Renewal,Services,Trucking,Sole Proprietorship,,15750,1,1409730.12,Yearly,7096275,other,9900.0,actual
2026,1737,MAEPOYUJEKI TRUCKING SERVICES,MAE ANN B. DELA CRUZ,Ilog Bulo,Renewal,Services,Trucking,Sole Proprietorship,Female,5550,1,1200,Yearly,7096945,other,5,needs_review
2026,2036,AQUA  ALOHA WATER STATION,JOCELYN DR. FAJARDO,King Kabayo,Renewal,Retail / Trade,Water Refilling Station,Sole Proprietorship,Female,7200,1,90000,Yearly,7410792,retailer,1320.0,actual
2026,1433,JAY-FE RICE AND PALAY TRADING,JAY LORD P. DELOS REYES,King Kabayo,Renewal,Retail / Trade,Palay and Grains Retailer,Sole Proprietorship,Male,9350,1,250000,Yearly,7093801,retailer,3300.0,actual
2026,1577,JKLM AGRI SUPPLY,LORIZA J. MANGUNAY,King Kabayo,Renewal,Retail / Trade,Retailer,Sole Proprietorship,Female,7400,1,110725,Yearly,7095981,retailer,1850.0,actual
2026,0740,MJDC WATER REFILLING STATION,MARK JOSEPH C. DELA CRUZ,King Kabayo,Renewal,Retail / Trade,Water Refilling Station,Sole Proprietorship,Male,5990,1,30000,Yearly,7091161,retailer,440.0,actual
2026,0806,RUNWAY GAS STATION,ANGELYNE S. MATIAS,King Kabayo,Renewal,Retail / Trade,Gasoline Station,Sole Proprietorship,Female,5650,1,1200,Yearly,7091883,retailer,24.0,needs_review
2026,1627,THREE M RICE TRADING,ROLANDO C. DELA CRUZ,King Kabayo,Renewal,Retail / Trade,Retailer,Sole Proprietorship,,12150,1,672000,Yearly,7096272,retailer,6600.0,actual
2026,0136,AXL FIBER NETWORK AND DATA SOLUTION,ARIES R. PENGSON,King Kabayo,Renewal,Services,Telecommunications,Sole Proprietorship,Male,10170,1,270000,Yearly,7091194,other,4620.0,actual
2026,0168,DEREK LEE TRUCKING SERVICES,CJ IVAN D.C PENGSON,King Kabayo,Renewal,Services,Trucking,Sole Proprietorship,Male,92700.94,1,23277989.13,Yearly,7091184,other,86750.94,actual
2026,0188,ESP TRUCKING,ERIC S. PENGSON,King Kabayo,Renewal,Services,Trucking,Sole Proprietorship,Male,280789.08,1,80964240.94,Yearly,7091185,other,274339.08,actual
2026,0138,J.S. PENGSON TRUCKING,JOSEPH S. PENGSON,King Kabayo,Renewal,Services,Trucking,Sole Proprietorship,Male,23525,1,15684903.81,Bi-Annually,7091198,other,32950.0,actual
2026,0137,PENGSON BROS. TRUCKING,ALEXANDER S. PENGSON,King Kabayo,Renewal,Services,Trucking,Sole Proprietorship,Male,103000,1,1200,Yearly,7091195,other,94550.0,actual
2026,0672,PGP TRUCKING SERVICES,REGEL KENTH S. PELLER,King Kabayo,Renewal,Services,Trucking,Sole Proprietorship,Male,26240,1,4397852,Yearly,7091636,other,20690.0,actual
2026,0022,RP CARGO TRANSPORT,RICHMOND S. PENGSON,King Kabayo,Renewal,Services,Trucking,Sole Proprietorship,Male,35000,1,8024346.29,Yearly,6808888,other,28950.0,actual
2026,0135,RRP TRUCKING SERVICES,ROBERT R. PENGSON,King Kabayo,Renewal,Services,Trucking,Sole Proprietorship,Male,12850,1,1200,Yearly,7091193,other,7000.0,actual
2026,0974,M.D CORPUZ CONSTRUCTION SUPPLIES TRADING,MELANIE DC. CORPUZ,San Juan,Renewal,Retail / Trade,Const. & Gen. Mdse.,Sole Proprietorship,,6150,1,21695,Yearly,6811726,retailer,500.0,actual
2026,0973,DEWAYNE & MELDA WATER REFILLING STATION,IMELDA VIDAL BAERG,Labne,Renewal,Retail / Trade,Refilling Station,Sole Proprietorship,Female,5990,1,38506,Yearly,7091857,retailer,440.0,actual
2026,0986,ELDRICK JIMMUEL TRUCKING,EMMANUEL B. DANTIS,Labne,Renewal,Services,Trucking,Sole Proprietorship,Male,7680,1,200000,Yearly,7094753,other,2130.0,actual
2026,1202,JOSHAND GRAVEL AND SAND TRADING,NOEL D. BULAWAN,Labne,Renewal,Services,Trucking,Sole Proprietorship,Male,16211.29,1,2112258.21,Yearly,7093809,other,10561.29,actual
2026,1267,ORTEZA'S TRUCKING SERVICES,DYRON D. ORTEZA,Labne,Renewal,Services,Trucking,Sole Proprietorship,Male,7190,1,432000,Yearly,7093818,other,1640.0,actual
2026,1441,PRINCESS ALYANNA TRUCKING,ALBERTO D. DELA CRUZ,Labne,Renewal,Services,Trucking,Sole Proprietorship,,8180,1,231848,Yearly,7094147,other,2630.0,actual
2026,0264,SBD TRUCKING SERVICES,SADJI B. DANTIS,Labne,Renewal,Services,Trucking,Sole Proprietorship,Male,5650,1,1200,Yearly,6811748,other,5,needs_review
2026,0560,M.C. LOPEZ PROPERTY RENTAL,MARIA CARLOTA IGNACIO LOPEZ,Labne,Renewal,Real Estate,Leasing,Sole Proprietorship,Female,2550,1,40000,Yearly,7091200,lessor,600.0,actual
2026,1610,8FINITY DROPS WATER REFILLING STATION,MYRA DE LEON GALUT,Lambakin,Renewal,Retail / Trade,Water Refilling Station,Sole Proprietorship,Female,5250,1,72905,Yearly,7096254,retailer,600.0,actual
2026,0594,MARSHALL POULTRY FARM,RUBEN CO TAN,Lambakin,Renewal,Retail / Trade,Poultry Farm,Sole Proprietorship,,53200,1,1200,Yearly,7092232,retailer,30850.0,actual
2026,0284,MELGEN INDUSTRIAL EQUIPMENT TRADING,MICHAEL  A. LIGON,Lambakin,Renewal,Retail / Trade,Industrial & Farm Supply,Sole Proprietorship,Male,9950,1,428803,Yearly,6811826,retailer,4400.0,actual
2026,0689,NIXIN & JARY FARMS,SERAFIN B. DEL ROSARIO JR.,Lambakin,Renewal,Retail / Trade,Livestock,Sole Proprietorship,Male,32050,1,1250900,Yearly,7091578,retailer,10000.0,actual
2026,1170,SEÑOR SWINE AND VETERINARY,HENRY V. ABELLA,Lambakin,Renewal,Retail / Trade,Livestock,Sole Proprietorship,,21950,1,1200,Yearly,7093398,retailer,24.0,needs_review
2026,0916,KAIROS FARMVIEW RESORT,CORAZON D. DOMINGO,Lambakin,Renewal,Services,Resort,Sole Proprietorship,Female,13675,1,1200,Yearly,7412732,amusement,5300.0,actual
2026,1279,MA. MYRNA RESORT,MA. MYRNA L. NOYNAY,Lambakin,Renewal,Services,Resort,Sole Proprietorship,Female,7450,1,1200,Yearly,7406036,amusement,15.0,needs_review
2026,0658,MARK VINCENT BILLS PAYMENT AND REMITTANCE CENTER,MARK VINCENT S. SIOSON,Lambakin,Renewal,Services,Money Remittance,Sole Proprietorship,,6870,1,1200,Yearly,7091615,bank_financial,1320.0,actual
2026,0971,R&G CARGO DELIVERY SERVICES,RENALYN JULIAN MARTIN II,Lambakin,Renewal,Services,Trucking,Sole Proprietorship,Female,14800,1,587483.38,Yearly,7091878,other,9250.0,actual
2026,1112,FRANCIS DE RUEDA PROPERTY LEASING,FRANCIS ALBERT D. DE RUEDA,Lambakin,Renewal,Real Estate,Leasing,Sole Proprietorship,Male,3350,1,240000,Yearly,7093206,lessor,1400.0,actual
2026,1562,JVLACS TRUCKING SRVICES,JAYVEE C. LACSINA,Sacdalan,Renewal,Services,Trucking,Sole Proprietorship,Male,6100,1,45200,Yearly,7096323,other,550.0,actual
2026,0884,CHAROEN POKPHAND FOODS PHILIPPINES CORPORATION,CHAROEN POKPHAND FOODS PHILIPPINES CORPORATION,Magmarale,Renewal,Retail / Trade,Livestock,Sole Proprietorship,,948798.05,1,370739221.67,Yearly,7092373,retailer,926848.05,actual
2026,0043,KLAUS JAY PURIFIED DRINKING WATER & REFILLING STATION,KRISTINE M. CRUZ,Magmarale,Renewal,Retail / Trade,Water Refilling Station,Sole Proprietorship,Female,5850,1,10000,Yearly,6810922,retailer,300.0,actual
2026,0025,LEO LPG STORE,LEO M. BARENG,Magmarale,Renewal,Retail / Trade,LPG Retailer,Sole Proprietorship,Male,5550,1,194665,Yearly,6810811,retailer,3893.3,needs_review
2026,0917,M.E GONZ CHICKEN TRADING,MHARIA ELISA S.J. GONZALES,Magmarale,Renewal,Retail / Trade,Chicken Retailer,Sole Proprietorship,Female,6540,1,21390,Yearly,7091898,retailer,990.0,actual
2026,1427,M.E. BAUTISTA HOG TRADING,MARIA ELOISA A. BAUTISTA,Magmarale,Renewal,Retail / Trade,Livestock,Sole Proprietorship,Female,7500,1,100000,Yearly,7093369,retailer,1850.0,actual
2026,0918,MEGZ GENERAL CLEANING SERVICES,MHARIA ELISA S. GONZALES,Magmarale,Renewal,Retail / Trade,Retail of Native Products,Sole Proprietorship,,9950,1,420336,Yearly,7091897,other,4400.0,actual
2026,0040,MARIQUITTE FRUITS AND VEGETABLES STORE,MUTYA T. TAYAO,San Jose,Renewal,Retail / Trade,Retailer,Sole Proprietorship,,11150,1,467154,Yearly,7406015,retailer,4400.0,actual
2026,0491,ROVINA EGG TRADING,RONALDO FERRY SANTIAGO JR,Magmarale,Renewal,Retail / Trade,Retailer,Sole Proprietorship,Male,7400,1,118475,Yearly,7090860,retailer,1850.0,actual
2026,0044,VMC RICE & PALAY DEALER,VICTORIA M. CRUZ,Magmarale,Renewal,Retail / Trade,Retailer,Sole Proprietorship,Female,5950,1,458950,Yearly,6810923,retailer,2200.0,actual
2026,0742,88 DBDN TRADING,TEODORA C. PABILONIA,Magmarale,Renewal,Services,Hauling,Sole Proprietorship,Female,8290,1,150000,Yearly,7090867,other,2640.0,actual
2026,0441,DOM TRANSPORT,DOM-DJON JEFFERSON C. SANTOS,Magmarale,Renewal,Services,Trucking,Sole Proprietorship,Male,5550,1,1200,Yearly,6812377,other,5,needs_review
2026,1550,BABYLYNE PASTILLIAS CANDY MANUFACTURING,BABY LYNE V. MANIQUIZ,Malibay,Renewal,Retail / Trade,Pastillas Retailer,Sole Proprietorship,Female,6750,1,68100,Yearly,7095962,retailer,1100.0,actual
2026,1510,MHEL & JUVY PALAY TRADING,REMEGIA H. MANIQUIZ,Malibay,Renewal,Retail / Trade,Retailer,Sole Proprietorship,Female,5550,1,1200,Yearly,7095120,retailer,24.0,needs_review
2026,0095,OLYAMY LPG TRADING,OLIVER R. LOPEZ,Malibay,Renewal,Retail / Trade,LPG Retailer,Sole Proprietorship,Male,5550,1,778850,Yearly,6812456,retailer,11788.5,needs_review
2026,0902,STAR-FUEL GASOLINE STATION,ANGELIE F. PANGILINAN,Malibay,Renewal,Retail / Trade,Gasoline Station,Sole Proprietorship,Female,5850,1,1200,Yearly,7093216,retailer,3600.0,actual
2026,1565,JASPER PRINTING SERVICES,JASPER KIM R. MANIQUIZ,Malibay,Renewal,Services,Printing Services,Sole Proprietorship,Male,3825,1,26500,Yearly,7094132,other,275.0,actual
2026,0792,BIO-CLEAR WRS,RAYMOND D. YAMBOT,Maligaya,Renewal,Retail / Trade,Water Refilling Station,Sole Proprietorship,Male,6970,1,259500,Yearly,7091484,retailer,1320.0,actual
2026,0130,HYDRO-SPLASH WATER REFILLING STATION,MARICEL N. SANGUYO,Maligaya,Renewal,Retail / Trade,Water Refilling Station,Sole Proprietorship,Female,5880,1,1200,Yearly,7091259,retailer,330.0,actual
2026,1353,I.O.M. LIVESTOCK  AND POULTRY SUPPLY,IRAMIL O. MAGLAQUI,Maligaya,Renewal,Retail / Trade,Feeds & Agricultural Supply,Sole Proprietorship,Male,8950,1,302000,Yearly,7093824,retailer,3400.0,actual
2026,1416,IMELDA C. SANTOS RICE DEALER,IMELDA C. SANTOS,Maligaya,Renewal,Retail / Trade,Retailer,Sole Proprietorship,Female,9350,1,324000,Yearly,7093243,retailer,3400.0,actual
2026,0311,NATURE FARMS,ALEXANDER SY CO,Maligaya,Renewal,Retail / Trade,Poultry Farm,Sole Proprietorship,Male,23370,1,92334.2,Yearly,6811818,retailer,1320.0,actual
2026,1697,STOKROTKA BY DVM ONLINE SHOP,DAISY I. VENDIVIL-MADRID,Maligaya,Renewal,Retail / Trade,Retailer,Sole Proprietorship,Female,2390,1,39151.2,Yearly,7096349,retailer,440.0,actual
2026,0793,AIRBELLTECH IT SOLUTIONS,RAYMOND DC YAMBOT,Maligaya,Renewal,Services,Telecommunications,Sole Proprietorship,Male,8950,1,74575,Yearly,7091485,other,3300.0,actual
2026,1414,JMS PRIVATE RESORT,JAIME DE LEON SANTOS,Maligaya,Renewal,Services,Resort,Sole Proprietorship,Male,9580,1,50000,Yearly,7093244,amusement,2630.0,actual
2026,1232,CARSTY AGRICULTURAL SUPPLY,CRISTINA M. DIZON,Mandile,Renewal,Retail / Trade,Retailer,Sole Proprietorship,Female,7400,1,122834,Yearly,7092432,retailer,1850.0,actual
2026,1564,DQ FUEL STATION,MARIBETH DIAZ QUINTERO,Mandile,Renewal,Retail / Trade,Gasoline Station,Sole Proprietorship,Female,5550,1,1200,Yearly,7094138,retailer,24.0,needs_review
2026,1563,GAS-Q LPG STORE,MARIBETH D. QUINTERO,Mandile,Renewal,Retail / Trade,LPG Retailer,Sole Proprietorship,Female,5550,1,1200,Yearly,7094137,retailer,24.0,needs_review
2026,0468,RAINE DROPS. WATER REFILLING STATION,ROWENA L. MAGAT,Mandile,Renewal,Retail / Trade,Water Refilling Station,Sole Proprietorship,Female,8070,1,170260,Yearly,7090917,retailer,2420.0,actual
2026,0160,REICOH GASOLINE STATION,AIMEE B. MARIÑAS,Mandile,Renewal,Retail / Trade,Gasoline Station,Sole Proprietorship,Female,5650,1,1200,Yearly,7090164,retailer,24.0,needs_review
2026,1266,VINCENT AND MYRA GENERAL MERCHANDISE,MYRA P. MANGALINAO,Mandile,Renewal,Retail / Trade,General Merchandise,Sole Proprietorship,Female,10050,1,393509.66,Yearly,7094121,retailer,4400.0,actual
2026,0535,MARROS PLACE RESORT,MARCELO A. MEDINA,Mandile,Renewal,Services,Resort,Sole Proprietorship,Male,6800,1,45000,Yearly,7091174,amusement,550.0,actual
2026,1259,WORLD GATE TRAVEL AND TOURS,ROSE ANN B. DUE,Mandile,Renewal,Services,Travel  Agency,Sole Proprietorship,Female,16394.13,1,2368825.76,Yearly,7094107,other,10844.13,actual
2026,1040,MENDEZ ENTERPRISE,JESS B. MENDEZ,Masalipit,Renewal,Retail / Trade,Water Refilling Station,Sole Proprietorship,Male,7400,1,107363,Yearly,7092208,retailer,1850.0,actual
2026,0102,MLDJ LPG TRADING,MARIETTA L. DE JESUS,Masalipit,Renewal,Retail / Trade,LPG Retailer,Sole Proprietorship,Female,5550,1,1200,Yearly,7090911,retailer,24.0,needs_review
2026,0150,JOSHWELL TRUCKING SERVICES,JIMWELL P. DELA CRUZ,Masalipit,Renewal,Services,Trucking,Sole Proprietorship,Male,13800,1,480000,Yearly,7091585,other,8250.0,actual
2026,0565,FOUR B GASOLINE STATION,BALANTIN P. DELA CRUZ,Pacalag,Renewal,Retail / Trade,Gasoline Station,Sole Proprietorship,Male,5550,1,1200,Yearly,7091283,retailer,24.0,needs_review
2026,0682,JAIRO JUNKSHOP,JENNYBEB LUBERIO DELA LIÑA,Pacalag,Renewal,Retail / Trade,Junkshop,Sole Proprietorship,Female,6540,1,54300,Yearly,7092241,other,990.0,actual
2026,0551,MAURICE WORK PARTS AND MOTOR ACCESSORIES TRADING,MAURICE D. VILLEGAS,Pacalag,Renewal,Retail / Trade,Motor Cycle Parts,Sole Proprietorship,Male,7400,1,145000,Yearly,7091292,retailer,1850.0,actual
2026,1140,MRCKY LPG TRADING,VICTORIA M. NUÑEZ,Pacalag,Renewal,Retail / Trade,LPG Retailer,Sole Proprietorship,Female,5550,1,1200,Yearly,7093372,retailer,24.0,needs_review
2026,0727,MATTJEWEL TRUCKING SERVICES,JUANITO P. DELA CRUZ JR.,Pacalag,Renewal,Services,Trucking,Sole Proprietorship,,10170,1,500000,Yearly,6812178,other,4620.0,actual
2026,0083,AGULTO LPG TRADING,EMILIO D. AGULTO,Paliwasan,Renewal,Retail / Trade,Retailer,Sole Proprietorship,Male,5550,1,1200,Yearly,6811804,retailer,24.0,needs_review
2026,0198,AQUAGRACE WATER STATION,JOSEFINA C. IRABAGON,Paliwasan,Renewal,Retail / Trade,Refilling Station,Sole Proprietorship,Female,8950,1,251000,Yearly,6808876,retailer,3300.0,actual
2026,0081,CONIE LPG STORE,AJI  V.  MANGALUS,Paliwasan,Renewal,Retail / Trade,Sari-sari Store,Sole Proprietorship,Male,5550,1,102615,Yearly,6810903,retailer,2052.3,needs_review
2026,1559,HAPONE 1 CANDY MANUFACTURING,TEODORA CUEVAS SANTOS,Paliwasan,Renewal,Retail / Trade,Retailer,Sole Proprietorship,Female,7400,1,100000,Yearly,7093658,retailer,1850.0,actual
2026,0031,LANLAN'S LPG TRADING,MA. ANGELICA SP SANTIAGO,Paliwasan,Renewal,Retail / Trade,Retailer,Sole Proprietorship,Female,5550,1,1200,Yearly,6810843,retailer,24.0,needs_review
2026,0896,LEINARD CONSUMER GOODS TRADING,AILENEE B. DAYAO,Paliwasan,Renewal,Retail / Trade,Sari-sari Store,Sole Proprietorship,,9150,1,555452,Yearly,7092603,retailer,3600.0,actual
2026,1734,MAYUMO93 SEAFOODS AND MEAT TRADING,MARIE CRIS D. LIBUNAO,Paliwasan,Renewal,Retail / Trade,Wholesaler/Retailer of Processed Meat,Sole Proprietorship,Female,10650,1,1469919,Yearly,7096941,retailer,5000.0,actual
2026,1340,ESTARDO TRUCKING SERVICES,BIENVENIDA P. ESTARDO,Paliwasan,Renewal,Services,Trucking,Sole Proprietorship,Female,6430,1,56838.54,Yearly,7094986,other,880.0,actual
2026,0400,FACZ TRUCKING SERVICES,ZERINA B. CULALA,Paliwasan,Renewal,Services,Trucking,Sole Proprietorship,Female,37730,1,6336000,Yearly,6812472,other,31680.0,actual
2026,1736,GABBIE SKYE SAM TRUCKING,MARIE CRIS D. LIBUNAO,Paliwasan,Renewal,Services,Trucking,Sole Proprietorship,,23750,1,6323306.33,Yearly,7096943,other,18000.0,actual
2026,0309,KASARINLAN TRAVEL SERVICES,EMILY A. CULALA,Paliwasan,Renewal,Services,Travel  Agency,Sole Proprietorship,Female,2930,1,50000,Yearly,6808893,other,880.0,actual
2026,0513,M&S AGUSTIN TRUCKING SERVICES,MICHAEL D. AGUSTIN,Paliwasan,Renewal,Services,Trucking,Sole Proprietorship,Male,6100,1,45000,Yearly,7090935,other,550.0,actual
2026,1749,V.C.V. TRUCKING SERVICES,VANESSA DC VIOLA,Paliwasan,Renewal,Services,Trucking,Sole Proprietorship,Female,5650,1,1200,Yearly,7097105,other,5,needs_review
2026,0545,AMC POULTRY FARM,ROWENA  A. CAMINA,Partida,Renewal,Retail / Trade,Poultry Farm,Sole Proprietorship,Female,30450,1,732580,Yearly,7091274,retailer,6600.0,actual
2026,1530,CENT' ANNI FOOD PRODUCTS TRADING,WILLIAM S. MUÑOZ,Partida,Renewal,Retail / Trade,Retailer,Sole Proprietorship,Male,12150,1,534619.72,Yearly,7094775,retailer,6600.0,actual
2026,0089,DIDG TRANSPORT  SERVICES,DIVINA  I. DE GUZMAN,Partida,Renewal,Retail / Trade,Poultry Farm,Sole Proprietorship,Female,20697.51,1,2969501.15,Yearly,6811840,retailer,14847.51,actual
2026,1511,FLORSON HARDWARE,FLORANTE DC SAGANA,Partida,Renewal,Retail / Trade,Hardware,Sole Proprietorship,,8300,1,132544,Yearly,7095118,retailer,1850.0,actual
2026,0582,HR FAMILIES POULTRY FARM,ROZETTE CAMPOS DE DIOS,Partida,Renewal,Retail / Trade,Poultry Farm,Sole Proprietorship,Female,15450,1,248064,Yearly,7091888,retailer,3300.0,actual
2026,1586,JIMBOY WATER REFILLING STATION,JENILYN A. LUBANGCO,Partida,Renewal,Retail / Trade,Water Refilling Station,Sole Proprietorship,Female,6210,1,50000,Yearly,7095987,retailer,660.0,actual
2026,1363,MMCJ GAS STATION,JOMARIE ANNE DC. SOTTO,Partida,Renewal,Retail / Trade,Gasoline Station,Sole Proprietorship,Female,5550,1,1200,Yearly,7093817,retailer,24.0,needs_review
2026,1775,MGDL AIRLINK WIRELESS INTERNET SERVICES,MARY GRACE M. DE LEON,Sta. Rita Matanda,Renewal,Services,Telecommunications,Sole Proprietorship,Female,8625,1,121000,Yearly,7412703,other,1980.0,actual
2026,1329,DIKONG OYET'S PASTILLAS,ALEXIS C. VITUG,Partida,Renewal,Manufacturing,Pastillas and Sweet Delicacies,Sole Proprietorship,Male,10150,1,223985,Yearly,7092646,manufacturer,4400.0,actual
2026,0216,5J POOL-ENTERPRISES SWIMMING POOL CONSTRUCTION SERVICES,JESSICA M. FRANCISCO,Partida,Renewal,Services,Contractor,Sole Proprietorship,Female,5825,1,21768,Yearly,6810821,contractor,275.0,actual
2026,0933,ALIAH TRUCKING SERVICES,EMMANUEL R. HERNANDEZ,Partida,Renewal,Services,Trucking,Sole Proprietorship,Male,20645,1,3154656.13,Yearly,7091778,other,15095.0,actual
2026,0087,F.T.  DE GUZMAN TRUCKING SERVICES,FLORIDA TECSON DE GUZMAN,Partida,Renewal,Services,Trucking,Sole Proprietorship,Female,20397.5,1,2969501.15,Yearly,6811838,other,14847.5,actual
2026,0217,JDMA TRUCKING SERVICES,MARIO P. VILLARUEL,Partida,Renewal,Services,Trucking,Sole Proprietorship,Male,41850,1,7200000,Yearly,6810815,other,36000.0,actual
2026,0451,K.D.P TRUCKING SERVICES,MELINDA F. DELA PAZ,Partida,Renewal,Services,Trucking,Sole Proprietorship,Female,15900,1,837976.51,Yearly,7090883,other,10250.0,actual
2026,0219,MARGA TRUCKING SERVICES,CORNELIA L. VILLARUEL,Partida,Renewal,Services,Trucking,Sole Proprietorship,Female,5550,1,1200,Yearly,6810814,other,5,needs_review
2026,0086,RST TRUCKING SERVICES,RODOLFO S. TECSON,Partida,Renewal,Services,Trucking,Sole Proprietorship,Male,43740.28,1,7498056.64,Yearly,6811839,other,37490.28,actual
2026,0558,AQUA SIS WATER REFILLING STATION,EVELYN C. ALISBO,Pinambaran,Renewal,Retail / Trade,Water Refilling Station,Sole Proprietorship,Female,7970,1,152154.35,Yearly,7091256,retailer,2420.0,actual
2026,0909,ELJAY-ARJAY GAS STATION AND CARWASH,JONATHAN D. HERRERA,Pinambaran,Renewal,Retail / Trade,Gasoline Station,Sole Proprietorship,Male,5550,1,2250790.92,Yearly,7092063,retailer,26507.91,needs_review
2026,0967,FIELD OF DREAMS SKILLS TRAINING  AND                                         ASSESSMENT ACADEMY INC.,FIELD OF DREAMS SKILLS TRAINING AND ASSESSMENT ACADEMY INC.,Pinambaran,Renewal,Services,Training School,Sole Proprietorship,,5550,1,2790001.35,Yearly,7091877,other,49225.03,needs_review
2026,0546,NORCAL TRUCKING SERVICES,JAY ARESTIO DC JAPINAN,Pinambaran,Renewal,Services,Trucking,Sole Proprietorship,Male,11810,1,480000,Yearly,7091258,other,6160.0,actual
2026,1268,MREC AGGREGATES TRADING,MELOISA B. ORDOÑEZ,Sta. Ines,Renewal,Retail / Trade,Retailer,Sole Proprietorship,Female,28584.43,1,4669510.61,Yearly,7406021,retailer,18347.55,actual
2026,0246,JLR BENINA PHARMACY,JAYSON L. RAMOS,Poblacion,Renewal,Retail / Trade,Retailer,Sole Proprietorship,,23278.1,1,3465620.22,Yearly,6812155,retailer,17328.1,actual
2026,1173,FORTER TRUCKING SERVICES,ROSE ANN R. ROBLES,Sta. Ines,Renewal,Services,Trucking,Sole Proprietorship,Female,9180,1,203800,Yearly,7093659,other,3630.0,actual
2026,0758,8WIRES COMMERCIAL & ELECTRICAL SERVICES,MORRIS Q. CAPISTANI,Poblacion,Renewal,Retail / Trade,Retailer,Sole Proprietorship,Male,8850,1,222019,Yearly,7091584,retailer,3300.0,actual
2026,1614,ANREE'S FOOD CORNER,ANREE ANGEL DC MIYASAKI,Poblacion,Renewal,Retail / Trade,Milk Tea,Sole Proprietorship,,12350,1,561390,Yearly,7096259,food_beverage,6600.0,actual
2026,1044,BISIKLETA STA RITA PARTS AND REPAIR CENTER,TERESITA C. DELA CRUZ,Poblacion,Renewal,Retail / Trade,Retailer,Sole Proprietorship,Female,2500,1,1588755,Quarterly,7409767,retailer,2500.0,actual
2026,0786,BRET GENERAL MERCHANDISE,LESTER T. MACAPUGAY,Poblacion,Renewal,Retail / Trade,General Merchandise,Sole Proprietorship,Male,7600,1,117893.33,Yearly,7091469,retailer,1850.0,actual
2026,0976,KRISZENELLA WATER REFILLING STATION,ZENANDO T. VIUDEZ,Sta. Ines,Renewal,Retail / Trade,Water Refilling Station,Sole Proprietorship,Male,8485,1,150000,Yearly,7414633,retailer,2420.0,actual
2026,0039,DANNY LPG STORE,DANILO P. BUSTAMANTE,Poblacion,Renewal,Retail / Trade,Retailer,Sole Proprietorship,Male,5550,1,138105,Yearly,6810844,retailer,2762.1,needs_review
2026,1754,DOBLE  A  ANIMAL AND FARM NEEDS SUPPLY,ALVIN DG. AQUINO,Poblacion,Renewal,Retail / Trade,Feeds & Agricultural Supply,Sole Proprietorship,Male,8775,1,45365,Yearly,7097114,retailer,2420.0,actual
2026,0630,DOSE & DAILY PHARMACY,KRISTIN GRACE V. VARILLA,Poblacion,Renewal,Retail / Trade,Pharmacy,Sole Proprietorship,Female,4080,1,1200,Yearly,7092139,retailer,330.0,actual
2026,0241,EC CHOCOLATE HUB,EFRAIM SEAN M. MUSNI,Poblacion,Renewal,Retail / Trade,Candy Store,Sole Proprietorship,Male,15550,1,1498731.46,Yearly,6810943,retailer,10000.0,actual
2026,0220,ECARI FOOD CORNER,ROSARIO IRENE S. ABELARDO,Poblacion,Renewal,Retail / Trade,Retailer,Sole Proprietorship,Female,4078.57,1,157857,Yearly,6810831,retailer,1128.57,actual
2026,1359,ETOMAK BIKE,CELSO P. GARCIA JR.,Poblacion,Renewal,Retail / Trade,Bicycle Spare Parts/Accessories,Sole Proprietorship,,7600,1,127550,Yearly,7094103,retailer,1850.0,actual
2026,0457,FERNANDEZ DRUG,SANDRA F. DY,Poblacion,Renewal,Retail / Trade,Retailer,Sole Proprietorship,Female,38165.92,1,6483183.33,Yearly,7090940,retailer,32415.92,actual
2026,1583,EDDIE & NORA TRUCKING SERVICES,ARLENE G. SANTIAGO,Sta. Ines,Renewal,Services,Trucking,Sole Proprietorship,Female,5550,1,1200,Yearly,7409774,other,5,needs_review
2026,0355,GEENERIC TRADING,GINA L. ABELARDO,Poblacion,Renewal,Retail / Trade,Retailer,Sole Proprietorship,,8850,1,230210,Yearly,6812170,retailer,3300.0,actual
2026,1724,GLAM AND CHIC BOUTIQUE,GLORY ANNE CAMILLE T. CRUZ,Poblacion,Renewal,Retail / Trade,Retailer,Sole Proprietorship,Female,10150,1,735980,Yearly,7096929,retailer,4600.0,actual
2026,1424,GWU EMMANUEL'S DRY GOODS STORE,ROSALIE D. LORILLA,Poblacion,Renewal,Retail / Trade,Retailer,Sole Proprietorship,,8450,1,120000,Yearly,7093386,retailer,2900.0,actual
2026,0548,IKING'S SARI-SARI STORE II,ENRIQUE L. LIGON,Poblacion,Renewal,Retail / Trade,Sari-sari Store,Sole Proprietorship,Male,9950,1,356578,Yearly,7091189,retailer,4400.0,actual
2026,1487,INAY'S PORK CHICHARON,JOSEFINA A. GOYENA,Poblacion,Renewal,Retail / Trade,Retailer,Sole Proprietorship,,6870,1,1200,Yearly,7094789,retailer,1320.0,actual
2026,1072,IVEE NON-SPECIALIZED WHOLESALE TRADING,IVEE V. MALCON,Poblacion,Renewal,Retail / Trade,Retailer,Sole Proprietorship,Female,6650,1,67644,Yearly,7092230,retailer,1100.0,actual
2026,0324,JAME'S AGRIVET TRADING,DIOMEDES D. DOMINGO,Poblacion,Renewal,Retail / Trade,Retailer,Sole Proprietorship,Male,10250,1,485461,Yearly,7091496,retailer,4400.0,actual
2026,1780,JBC GAS MARKETING,ALAINE F. CAPULE,Poblacion,Renewal,Retail / Trade,Retailer,Sole Proprietorship,Female,5650,1,3385078,Yearly,7097145,retailer,37850.78,needs_review
2026,1304,JENG ELECTRONICS SUPPLIES,JEANNIE S. LEONCIO,Poblacion,Renewal,Retail / Trade,Retailer,Sole Proprietorship,Female,6650,1,60000,Yearly,7094109,retailer,1100.0,actual
2026,1223,SEVEN7 HEARTS TRUCKING SERVICES,TIRSO M. YASIS,Sta. Rita Bata,Renewal,Services,Trucking,Sole Proprietorship,Male,5935,1,30000,Yearly,7096302,other,385.0,actual
2026,0339,JOSE BENJIE STORE,JOSE BENJIE R. NARRAL,Poblacion,Renewal,Retail / Trade,Sari-sari Store,Sole Proprietorship,Male,6540,1,50881,Yearly,6811850,retailer,990.0,actual
2026,0340,JOSE BENJIE STORE-CONCHITA PARE,JOSE BENGIE R. NARRAL,Poblacion,Renewal,Retail / Trade,Retailer,Sole Proprietorship,Male,6640,1,50881,Yearly,6811849,retailer,990.0,actual
2026,1637,JPS PET SUPPLY AND PET GROOMING SERVICES,MARK ANTHONY R CRUZ,Poblacion,Renewal,Retail / Trade,Retailer,Sole Proprietorship,Male,8070,1,151380,Yearly,7096281,retailer,2420.0,actual
2026,1060,JULIAN LAZARO FLOWER SHOP,JULIAN DJ. LAZARO,Poblacion,Renewal,Retail / Trade,Retailer,Sole Proprietorship,,8700,1,80450,Yearly,7092362,retailer,5250.0,actual
2026,0809,L.I. GONZALES MARKETING,LEONIL I. GONZALES,Poblacion,Renewal,Retail / Trade,Retailer,Sole Proprietorship,Male,9950,1,400000,Yearly,7092147,retailer,4400.0,actual
2026,1041,LEIGH'S GENERAL MERCHANDISE,HEAVEN LEIGH D. DIESTA,Poblacion,Renewal,Retail / Trade,Retailer,Sole Proprietorship,,7970,1,180000,Yearly,7092207,retailer,2420.0,actual
2026,0335,LIZA'S BAKERY PRODUCTS SHOP,MAHRILAG G. NAGALINNGAM,Poblacion,Renewal,Retail / Trade,Retailer,Sole Proprietorship,Female,16350,1,1853880,Yearly,6812357,retailer,10000.0,actual
2026,1155,MANG POPOY'S A.M FOOD PRODUCTS TRADING,MARLON P. MACAPAGAL,Poblacion,Renewal,Retail / Trade,Retailer,Sole Proprietorship,Male,10050,1,324000,Yearly,6810946,retailer,4400.0,actual
2026,0463,MARKWIN PROPERTY LEASING,EDWIN P. TECSON,Poblacion,Renewal,Retail / Trade,Rental / Apartment,Sole Proprietorship,,9150,1,1200,Yearly,7090913,lessor,7200.0,actual
2026,1013,MELODY'S DP SKIN CARE SPA,MELODY DP. MANAID,Poblacion,Renewal,Retail / Trade,Beauty Center,Sole Proprietorship,,5500,1,108000,Yearly,7091890,other,1850.0,actual
2026,0929,MUNCHBOX BURGER AND PIZZA CAFE,JONALYN S. PARAGUYA,Poblacion,Renewal,Retail / Trade,Burger Stand,Sole Proprietorship,Female,5990,1,19618,Yearly,7091782,food_beverage,440.0,actual
2026,0447,O.J. URBANO'S SARI-SARI STORE,ROBERT B. URBANO,Poblacion,Renewal,Retail / Trade,Sari-sari Store,Sole Proprietorship,Male,6540,1,56150,Yearly,7090189,retailer,890.0,actual
2026,0517,OLIVEROS-LIBUNAO STORE,MA. PERLITA L. OLIVEROS,Poblacion,Renewal,Retail / Trade,Retailer,Sole Proprietorship,Female,12150,1,145577,Yearly,7090919,retailer,6600.0,actual
2026,1231,OTSO DOSE MOTORCYCLE PARTS SHOP,ELMER S. DAVID,Poblacion,Renewal,Retail / Trade,Motor Cycle Parts,Sole Proprietorship,Male,5990,1,31800,Yearly,7092431,retailer,440.0,actual
2026,0357,URNOS RTW,EDISER M. URNOS,San Jose,Renewal,Retail / Trade,Retailer,Sole Proprietorship,Male,6210,1,50000,Yearly,6812174,retailer,660.0,actual
2026,1548,PADARIA BREAD HOUSE,LORELEI CLAUDIA S. GULINAO,Poblacion,Renewal,Retail / Trade,Bakery,Sole Proprietorship,Female,6870,1,243403,Yearly,7095965,retailer,1320.0,actual
2026,1478,PENGSON MEAT STALL,ARSENIO R. PENGSON,Poblacion,Renewal,Retail / Trade,General Merchandise,Sole Proprietorship,Male,7970,1,180000,Yearly,7094959,retailer,2420.0,actual
2026,0489,PHARMALAND DRUGSTORE,ZENAIDA E. VIZCONDE,Poblacion,Renewal,Retail / Trade,Pharmacy,Sole Proprietorship,,15550,1,1396615,Yearly,7090863,retailer,10000.0,actual
2026,0645,PREVEMED PHARMACEUTICAL PRODUCT WHOLESALING,RALPH B. ALMAYDA,Poblacion,Renewal,Retail / Trade,Pharmacy,Sole Proprietorship,Male,22806.25,1,6822500.48,Yearly,7091602,retailer,17056.25,actual
2026,0414,REDMAN TRADING,ROSEMARIE R. MANUZON,Poblacion,Renewal,Retail / Trade,Retailer,Sole Proprietorship,,12750,1,517236,Yearly,7090184,retailer,6600.0,actual
2026,0173,RJAV PET SUPPLIES,RAMON G. VALENTINO JR,Poblacion,Renewal,Retail / Trade,Retailer,Sole Proprietorship,Female,6870,1,96009,Yearly,7091270,retailer,1320.0,actual
2026,1315,ROSEL NON-SPECIALIZED WHOLESALE TRADING,ROMMEL V. LAUCHANGCO,Poblacion,Renewal,Retail / Trade,Retailer,Sole Proprietorship,Male,5550,1,1200,Yearly,7094798,retailer,24.0,needs_review
2026,0915,ROWEE FOOD HOUSE (POBLACION),Rowena M. Navarrete,Poblacion,Renewal,Retail / Trade,Retailer,Sole Proprietorship,,9894.68,1,423575,Yearly,7092051,retailer,4344.68,actual
2026,0179,ST. MICHAEL ENTERPRISES,RYAN S. DY,Poblacion,Renewal,Retail / Trade,Hardware,Sole Proprietorship,Male,22250,1,3000000,Yearly,6808870,retailer,15000.0,actual
2026,1537,THESS OFFICE AND SCHOOL SUPPLIES,MA. TERESA G. BUENAVENTURA,Poblacion,Renewal,Retail / Trade,Retailer,Sole Proprietorship,,22234.01,1,3196802.31,Yearly,7095957,retailer,15984.01,actual
2026,1348,THREE BROTHER'S BREAD HOUSE,MINA V. SALAO,Poblacion,Renewal,Retail / Trade,Retailer,Sole Proprietorship,Female,6310,1,1200,Yearly,7094993,retailer,660.0,actual
2026,0627,"TITA OLIVE LECHON MANOK, LIEMPO, SISIG                                    AND MEAT PRODUCTS RETAILER",OLIVIA R. BUENCAMINO,Poblacion,Renewal,Retail / Trade,Retailer,Sole Proprietorship,Female,9950,1,250000,Yearly,7092087,retailer,4400.0,actual
2026,0863,URBANO'S DRUGSTORE,ANALYN U. CALAGUI,Poblacion,Renewal,Retail / Trade,Retailer,Sole Proprietorship,Female,18050,1,1920383.34,Yearly,7092610,retailer,12000.0,actual
2026,1625,VIICKY CANDY STORE,JEFFREY L. GARCIA,Poblacion,Renewal,Retail / Trade,Retailer,Sole Proprietorship,Male,6870,1,89500,Yearly,7096263,retailer,1320.0,actual
2026,1900,VOXENIC GAS RETAILING,ARNOLD DS. SOVERANO,Poblacion,Renewal,Retail / Trade,LPG Retailer,Sole Proprietorship,Male,5550,1,743460,Yearly,7406011,retailer,11434.6,needs_review
2026,0700,WASH N' GRUB,REVY P. TUAZON,Poblacion,Renewal,Retail / Trade,Retailer,Sole Proprietorship,Male,8850,1,299450,Yearly,7091559,retailer,3300.0,actual
2026,1851,ZIA'S DRY GOODS STORE,JHIMWELL L. FLORES,Poblacion,Renewal,Retail / Trade,Retailer,Sole Proprietorship,Male,7970,1,150000,Yearly,7094778,retailer,2420.0,actual
2026,0697,RMH HOUSECARE AND PERSONAL CARE PRODUCTS TRADING BRANCH,MARICON M. ROASA,San Jose,Renewal,Retail / Trade,Direct Selling,Sole Proprietorship,Female,9950,1,465200,Yearly,7091561,retailer,4400.0,actual
2026,1732,AETERNUS TRUCKING SERVICES,CARLOS B. CAPULONG,Poblacion,Renewal,Services,Trucking,Sole Proprietorship,,18350,1,3101017.31,Yearly,7096939,other,10500.0,actual
2026,1124,ALING JOSIE'S GOTOHAN,ELAINE B. SALAZAR,Poblacion,Renewal,Services,Fastfood,Sole Proprietorship,Female,7420,1,99855,Yearly,7092416,food_beverage,1870.0,actual
2026,0448,APG NARS CLINIC,ALEXANDER P. GALANG,Poblacion,Renewal,Services,Medical Clinic,Sole Proprietorship,,6050,1,41500,Yearly,7090190,other,500.0,actual
2026,0406,C.A.P. NOTARIAL SERVICES,CHRISTINE A. PAYAWAL,Poblacion,Renewal,Services,Native Products Retailing,Sole Proprietorship,Female,5730,1,116070,Yearly,7090156,retailer,1980.0,actual
2026,0550,AQUA CRYSTAL BLUE PURIFIED DRINKING WATER,MARLON D. SARABUNO,San Jose,Renewal,Retail / Trade,Water Refilling Station,Sole Proprietorship,Male,10050,1,480000,Yearly,7091186,retailer,4400.0,actual
2026,0225,DEL-ROS BLDG.,PURIFICACION DR. DE LEON,Poblacion,Renewal,Services,Rentals,Sole Proprietorship,Female,2750,1,1200,Yearly,6810804,lessor,800.0,actual
2026,1123,DPAGUIA TRUCKING SERVICES,DANIEL P. PAGUIA,Poblacion,Renewal,Services,Trucking,Sole Proprietorship,,6050,1,31000,Yearly,7092417,other,500.0,actual
2026,1476,EDNA ROLLY CATERING SERVICES,PIA S. ALFAFARA,Poblacion,Renewal,Services,Catering,Sole Proprietorship,,12210,1,337479,Yearly,7094964,food_beverage,6160.0,actual
2026,0180,ENGALLA'S STALL RENTALS,MIGUELA  A. GUTIERREZ,Poblacion,Renewal,Services,Rentals,Sole Proprietorship,Female,5160,1,214000,Yearly,6808868,lessor,3210.0,actual
2026,1336,GEOPAR SURVEYING AND MAPPING SERVICES,RICHELLE C. VALINO,Poblacion,Renewal,Services,Bookkeeping and Auditing,Sole Proprietorship,Female,9910,1,390343,Yearly,7093665,other,6160.0,actual
2026,1466,IT'S A WRAP NACHOS AND TACOS FOOD HOUSE,MARY ANN DC MANABAT,Poblacion,Renewal,Services,Food Shop/Center,Sole Proprietorship,Female,7050,1,80500,Yearly,7095953,food_beverage,1500.0,actual
2026,1388,JANJO AIRCONDITIONING AND REFRIGERATION SERVICES,JOHN BENEDICK S. SANTIAGO,Poblacion,Renewal,Services,Contractor,Sole Proprietorship,Male,6430,1,65000,Yearly,7093841,contractor,880.0,actual
2026,1534,JIBTECH CELLPHONE REPAIR AND ACCESSORIES,BERNADETTE P. DELA CRUZ,Poblacion,Renewal,Services,Contractor,Sole Proprietorship,,4770,1,65000,Yearly,7095101,contractor,1320.0,actual
2026,0413,JMB ENTERPRISES,JACQUILYN M. BUSTAMANTE,Poblacion,Renewal,Services,Trucking,Sole Proprietorship,Female,29350,1,5311296.07,Yearly,7090183,other,23500.0,actual
2026,0255,JOEY AND ESTELA SPACE RENTAL,ESTELA L. LEGASPI,Poblacion,Renewal,Services,Rentals,Sole Proprietorship,Female,3390,1,96000,Yearly,6810935,lessor,1440.0,actual
2026,1768,JUANITO II TUASON FUNERAL SERVICES,JUANITO R. TUASON II,Poblacion,Renewal,Services,Funeral Service,Sole Proprietorship,Male,10750,1,1200,Yearly,7097133,other,4000.0,actual
2026,0657,L.V.M.'S PRINTING PRESS,MANOLITO V. MANLAPIG,Poblacion,Renewal,Services,Printing Services,Sole Proprietorship,Male,11810,1,317710,Yearly,7091617,other,6160.0,actual
2026,0518,MA AND J BURGER FOOD KIOSK,MARK ANTHONY P. MONTENEGRO,Poblacion,Renewal,Services,Food Shop/Center,Sole Proprietorship,Male,6691.6,1,149160,Yearly,7090922,food_beverage,1041.6,actual
2026,0152,MENDEJAR BOOKKEEPING SERVICES,MARITES O. MENDEJAR,Poblacion,Renewal,Services,Bookkeeping and Auditing,Sole Proprietorship,Female,6990,1,300000,Yearly,6811722,other,2640.0,actual
2026,0151,MENDEJAR TRAVEL AND TOURS SERVICES,MARITES OLIT MENDEJAR,Poblacion,Renewal,Services,Travel  Agency,Sole Proprietorship,Female,5730,1,120000,Yearly,6811721,other,1980.0,actual
2026,0966,PELAYO PAWNSHOP,WILMA G. BALCRUZ,Poblacion,Renewal,Services,Financial Institution,Sole Proprietorship,Female,6100,1,13000,Yearly,7092106,bank_financial,550.0,actual
2026,1477,PENGSON SPACE RENTAL,ARSENIO R. PENGSON,Poblacion,Renewal,Services,Rentals,Sole Proprietorship,Male,5190,1,120000,Yearly,7094960,lessor,3240.0,actual
2026,0516,R.T. LIBUNAO APARTMENT,RODOLFO T. LIBUNAO JR.,Poblacion,Renewal,Services,Rentals,Sole Proprietorship,Male,5450,1,274412,Yearly,7090920,lessor,2000.0,actual
2026,0349,R.V. PAWNSHOP,RICHARD DAN M. PADIERNOS,Poblacion,Renewal,Services,Financial Institution,Sole Proprietorship,Male,9180,1,200620,Yearly,6811832,bank_financial,3630.0,actual
2026,1080,RAP-JAS CAFE,ROBIN A. PAMINTUAN,Poblacion,Renewal,Services,Coffee Shop and Restaurant,Sole Proprietorship,Male,12797.8,1,616520,Yearly,7092218,food_beverage,7047.8,actual
2026,0207,RICLET SPACE RENTAL,ERIC JOSE V. TANAKA,Poblacion,Renewal,Services,Apartment,Sole Proprietorship,Male,6675,1,315000,Yearly,6810810,lessor,4725.0,actual
2026,0624,RNB SPACE RENTAL (RNB BLDG),POL DAVID R. BUENCAMINO,Poblacion,Renewal,Services,Apartment,Sole Proprietorship,Male,7950,1,651224,Yearly,7092083,lessor,6000.0,actual
2026,0509,ROLEVAN PAWNSHOP,ROLANDO P. REYES JR.,Poblacion,Renewal,Services,Financial Institution,Sole Proprietorship,Male,10375,1,676976,Yearly,7090924,bank_financial,4625.0,actual
2026,0508,ROLEVAN PAWNSHOP,ROLANDO P. REYES JR.,Poblacion,Renewal,Services,Financial Institution,Sole Proprietorship,Male,10375,1,596556,Yearly,7090923,bank_financial,4625.0,actual
2026,0455,RONWALDO JESUS RAMON SPACE RENTAL,RONWALDO G. RAMON,Poblacion,Renewal,Services,Rentals,Sole Proprietorship,Male,3450,1,1200,Yearly,7090864,lessor,1500.0,actual
2026,0991,S.I DOCTORS SPECIALTY CLINIC,MARY ANN A. UMAÑA,Poblacion,Renewal,Services,Clinic,Sole Proprietorship,Female,16950,1,1088040,Yearly,7092058,other,11000.0,actual
2026,0069,SAN JUAN BLDG.,JANE O. SAN JUAN,Poblacion,Renewal,Services,Rentals,Sole Proprietorship,,12111.6,1,877440,Yearly,6812195,lessor,11161.6,actual
2026,1069,SANTA  ELENA DIAGNOSTIC CENTER,NECYFORA M. DULAY,Poblacion,Renewal,Services,Diagnostic Laboratory,Sole Proprietorship,Female,3038.63,1,2430900,Quarterly,7409765,other,3038.63,actual
2026,1066,SQUAREE OPTICAL,EVELYN Q. ANTONIO,Poblacion,Renewal,Services,Optical Shop,Sole Proprietorship,Female,5430,1,105000,Yearly,7092235,other,1980.0,actual
2026,0787,VETPARTNERS ANIMAL CLINIC,PRINCESS CHARMAINE T. HERRERA,Poblacion,Renewal,Services,Clinic,Sole Proprietorship,,9180,1,208390,Yearly,7091470,other,3630.0,actual
2026,0686,WNG BILLS PAYMENT CENTER (REMITTANCE AND OTHER                                   FINANCIAL SERVICES),JOSEPH P. GERONIMO,Poblacion,Renewal,Services,Remittance Agent,Sole Proprietorship,Male,11710,1,305200,Yearly,7091575,bank_financial,6160.0,actual
2026,1331,4JSDC PROPERTY LEASING,JEREMIE S. DELA CRUZ,Poblacion,Renewal,Real Estate,Leasing,Sole Proprietorship,,4000,1,250000,Yearly,7092650,lessor,2050.0,actual
2026,1234,AJOSH BUILDING RENTAL,ELSA M. ROQUE,Poblacion,Renewal,Real Estate,Space Rental,Sole Proprietorship,Female,14058,1,201801.6,Yearly,7092435,lessor,12108.0,actual
2026,0449,CRISTINA B. URBANO PROPERTY LEASING,CRISTINA B. URBANO,Poblacion,Renewal,Real Estate,Space Rental,Sole Proprietorship,Female,3380,1,180000,Yearly,7090188,lessor,2430.0,actual
2026,0437,E.C. VIOLA BUILDING COMMERCIAL AND OFFICE SPACE,EFIGENIA C. VIOLA,Poblacion,Renewal,Real Estate,Space Rental,Sole Proprietorship,Female,5550,1,126000,Yearly,6812381,lessor,3600.0,actual
2026,0221,EMMAN'S APARTMENT,CATHERINE DC.  ANTONIO,Poblacion,Renewal,Real Estate,Space Rental,Sole Proprietorship,Female,3450,1,630315,Yearly,6810832,lessor,1500.0,actual
2026,0236,F4-13 B GEDAYA COMMERCIAL BUILDING,EMMANUELL B. GEDAYA,Poblacion,Renewal,Real Estate,Space Rental,Sole Proprietorship,Male,4950,1,230489.25,Yearly,6810919,lessor,3000.0,actual
2026,0822,J.VIOLA BUILDING,JOSEPH C. VIOLA,Poblacion,Renewal,Real Estate,Space Rental,Sole Proprietorship,Male,4245,1,114733.33,Yearly,7091151,lessor,2295.0,actual
2026,0815,MATTHEW COMMERCIAL SPACE RENTAL,MARCELO T. ADDURU,Poblacion,Renewal,Real Estate,Space Rental,Sole Proprietorship,Male,8090,1,180000,Yearly,7092065,lessor,6140.0,actual
2026,0071,MYSJ BUILDING RENTAL,MARIA YSABEL O. SAN JUAN,Poblacion,Renewal,Real Estate,Space Rental,Sole Proprietorship,Female,8310,1,624000,Yearly,6812196,lessor,7360.0,actual
2026,1332,PRMS COMMERCIAL LEASING,PURITA S. VILLANUEVA,Poblacion,Renewal,Real Estate,Leasing,Sole Proprietorship,Female,16950,1,1200000,Yearly,7092648,lessor,15000.0,actual
2026,0779,R.RAMON COMMERCIAL SPACE RENTAL,RONALD DAVID RAMON,Poblacion,Renewal,Real Estate,Space Rental,Sole Proprietorship,Male,3750,1,120000,Yearly,7091456,lessor,1800.0,actual
2026,0530,SIOJO COMMERCIAL SPACE,JOHN G. SIOJO,Poblacion,Renewal,Real Estate,Space Rental,Sole Proprietorship,,4750,1,1200,Yearly,7091181,lessor,2800.0,actual
2026,0252,ALING ILAH'S SWEET & DELICACIES,PRESCILA R. DELA CRUZ,Pulong Bayabas,Renewal,Retail / Trade,Sweets and Delicacies,Sole Proprietorship,Female,8950,1,200578,Yearly,6810940,retailer,3300.0,actual
2026,0691,ALWAYS TYVES PALAY TRADING,FROILAN P. PELAYO,Pulong Bayabas,Renewal,Retail / Trade,Retailer,Sole Proprietorship,Male,15550,1,1081650,Yearly,7091570,retailer,10000.0,actual
2026,0994,ARIES HYPER GRAVEL & SAND,CRISANTO D. PLACENTE,Pulong Bayabas,Renewal,Retail / Trade,Retailer,Sole Proprietorship,Male,8690,1,98600,Yearly,7092056,retailer,2640.0,actual
2026,0718,BUNSO RICE AND FEEDS STORE,KHAYTE D. SANTOS,Pulong Bayabas,Renewal,Retail / Trade,Rice Retailer,Sole Proprietorship,Female,7400,1,118072,Yearly,6812163,retailer,1850.0,actual
2026,1800,CABS ONLINE STORE,LEIZEL ANNE VANESSA P. BADUA,Pulong Bayabas,Renewal,Retail / Trade,Feeds & Agricultural Supply,Sole Proprietorship,Female,17201.53,1,4880492.27,Yearly,7098171,retailer,12201.23,actual
2026,0726,DRUGXPERT PHARMACY,MARIA JELENA M. SANTOS,Pulong Bayabas,Renewal,Retail / Trade,Drugstore,Sole Proprietorship,Female,7970,1,281318,Yearly,6812165,retailer,2420.0,actual
2026,0187,ERINE CONSTRUCTION SUPPLIES TRADING,CATHERINE M. DIÑO,Pulong Bayabas,Renewal,Retail / Trade,Const. & Gen. Mdse.,Sole Proprietorship,Female,12450.6,1,9960480.51,Quarterly,7407744,retailer,12450.6,actual
2026,0098,FJ INDUSTRIES,FERNANDO D. SANTOS JR.,Pulong Bayabas,Renewal,Retail / Trade,Motor Cycle Parts,Sole Proprietorship,Male,9950,1,389454,Yearly,6812172,retailer,4400.0,actual
2026,0617,FUGO AGRI TRADING,CARLO J. SANTIAGO,Pulong Bayabas,Renewal,Retail / Trade,Industrial & Farm Supply,Sole Proprietorship,Male,8070,1,187824.75,Yearly,7091266,retailer,2420.0,actual
2026,0730,H2OHUB WATER REFILLING STATION,CATHLEEN V. SANTOS,Pulong Bayabas,Renewal,Retail / Trade,Refilling Station,Sole Proprietorship,Female,6870,1,90000,Yearly,6812352,retailer,1320.0,actual
2026,1172,JAIME & NELIA ENTERPRISE,NATALIA C. TECSON,Pulong Bayabas,Renewal,Retail / Trade,General Merchandise,Sole Proprietorship,Female,9950,1,367397,Yearly,7093655,retailer,4400.0,actual
2026,0380,JEJU AQUA LINE PURIFIED DRINKING WATER,YOLANDA B. FLORES,Pulong Bayabas,Renewal,Retail / Trade,Retailer,Sole Proprietorship,,8070,1,247287.67,Yearly,6812399,retailer,2420.0,actual
2026,2021-0668,MARLON AQUINO RICE AND PALAY DEALER,MARLON M. AQUINO,Pulong Bayabas,Renewal,Retail / Trade,Rice and Palay Trading,Sole Proprietorship,,5990,1,100000,Yearly,6811723,retailer,440.0,actual
2026,0479,QUEST FUEL STATION,MADELA R. BLAS,Pulong Bayabas,Renewal,Retail / Trade,Retailer,Sole Proprietorship,Female,5550,1,1122962,Yearly,7090259,retailer,15229.62,needs_review
2026,0719,S. PALER GRAVEL AND SAND TRADING,SAMSON G. PALER JR.,Pulong Bayabas,Renewal,Retail / Trade,Retailer,Sole Proprietorship,Male,9950,1,350000,Yearly,6812166,retailer,4400.0,actual
2026,0724,SANTIS LPG TRADING,CAMILLE SANTOS DANTIS,Pulong Bayabas,Renewal,Retail / Trade,LPG Retailer,Sole Proprietorship,Female,5550,1,1200,Yearly,6812161,retailer,24.0,needs_review
2026,1932,TORRES CONSTRUCTION SUPPLIES TRADING,BABYLYN L. TORRES,Pulong Bayabas,Renewal,Retail / Trade,Const. & Gen. Mdse.,Sole Proprietorship,Female,11050,1,448990,Yearly,7406047,retailer,4400.0,actual
2026,1105,269382.8LILIBETH S. SANTOS TRUCKING,LILIBETH S. SANTOS,Pulong Bayabas,Renewal,Services,Trucking,Sole Proprietorship,,20828,1,6855600,Yearly,7093228,other,15278.0,actual
2026,1049,APOROSA GLASS AND ALUMINUM SERVICES,REVELYN F. LAGSAC,Pulong Bayabas,Renewal,Services,Glass Aluminum,Sole Proprietorship,Female,16550,1,1604464.29,Yearly,7092202,other,11000.0,actual
2026,0192,CJJB TRUCKING SERVICES,NICOLE Q. BALLESTEROS,Pulong Bayabas,Renewal,Services,Trucking,Sole Proprietorship,Female,15100,1,631190,Yearly,6808874,other,9250.0,actual
2026,0361,CRSF TRUCKING SERVICES,ROSALIE S. FLORES,Pulong Bayabas,Renewal,Services,Trucking,Sole Proprietorship,,10270,1,288000,Yearly,6812191,other,4620.0,actual
2026,1188,E.V. GALVEZ ENTERPRISE,EDGARDO V. GALVEZ,Pulong Bayabas,Renewal,Services,Trucking,Sole Proprietorship,Male,12150,1,1200,Yearly,7093399,other,6600.0,actual
2026,0132,EMAN-ALEX GRAVEL AND SAND ENTERPRISES,EMMANUEL G. BALONDO,Pulong Bayabas,Renewal,Services,Trucking & Hauling Services,Sole Proprietorship,Male,6870,1,120000,Yearly,7091285,other,1320.0,actual
2026,1089,FLORVIC TRUCKING SERVICES,JERVIE E. FLORES,Pulong Bayabas,Renewal,Services,Trucking,Sole Proprietorship,Male,6870,1,50000,Yearly,7093234,other,1320.0,actual
2026,1010,IFLEX TELECOMMUNICATION SERVICES,BERNARD L. PAYAWAL JR.,Pulong Bayabas,Renewal,Services,Telecommunications,Sole Proprietorship,Male,6530,1,56414,Yearly,7091791,other,880.0,actual
2026,0773,JEKARICH TRUCKING SERVICES,JERICHO V. SORIANO,Pulong Bayabas,Renewal,Services,Trucking,Sole Proprietorship,Male,13800,1,454192.12,Yearly,7091459,other,8250.0,actual
2026,1667,JENESEL TRUCKING SERVICES,FLORICEL V. RICAMORA,Pulong Bayabas,Renewal,Services,Trucking,Sole Proprietorship,,10270,1,130000,Yearly,7096315,other,4620.0,actual
2026,1090,JSEF TRUCKING SERVICES,FE S. FLORES,Pulong Bayabas,Renewal,Services,Trucking,Sole Proprietorship,Male,8290,1,150000,Yearly,7092617,other,2640.0,actual
2026,1104,L.S. SANTOS ENTERPRISES,LEONILA S. SANTOS,Pulong Bayabas,Renewal,Services,Trucking,Sole Proprietorship,Female,15550,1,1558661.11,Yearly,7093230,other,10000.0,actual
2026,1398,MIRYEA ANDREA TRUCKING SERVICES,RICHARD S. CAYETANO,Pulong Bayabas,Renewal,Services,Trucking,Sole Proprietorship,Female,11710,1,355000,Yearly,7093668,other,6160.0,actual
2026,0520,MVR TRUCKING SERVICES,VIVIAN D.M LIGON,Pulong Bayabas,Renewal,Services,Trucking,Sole Proprietorship,Female,15950,1,1496010,Yearly,7090936,other,10000.0,actual
2026,0725,NIAN'S TRUCKING SERVICES,DARYLLE JOYCE D. PALOMO,Pulong Bayabas,Renewal,Services,Trucking,Sole Proprietorship,Female,5550,1,1200,Yearly,6812162,other,5,needs_review
2026,0802,PAPANG AND MAMANG TRUCKING SERVICES,GRACE P. SORIANO,Pulong Bayabas,Renewal,Services,Trucking,Sole Proprietorship,Female,6235,1,32000,Yearly,7091463,other,385.0,actual
2026,0729,SUPREMO'S CAFETERIA,RAMON S. FERNANDO JR.,Pulong Bayabas,Renewal,Services,Coffee Shop and Restaurant,Sole Proprietorship,Male,6930,1,62719.04,Yearly,6812355,food_beverage,880.0,actual
2026,0741,TRIPLE A-MIA TRUCKING SERVICES,MYRNA C. SANTIAGO,Pulong Bayabas,Renewal,Services,Trucking,Sole Proprietorship,Female,8190,1,100000,Yearly,7091590,other,2640.0,actual
2026,0228,WANDER D TRAVEL AND TOURS,DIANNE JOSON MANALILI,Pulong Bayabas,Renewal,Services,Travel and Ticketing Services,Sole Proprietorship,Female,5250,1,1200,Yearly,6810950,other,1500.0,actual
2026,0402,C.D.N ONLINE SHOP,CEDRIC A. PENGSON,Pulong Duhat,Renewal,Manufacturing,Mushroom Production,Sole Proprietorship,Male,5400,1,85740,Yearly,6812471,manufacturer,1650.0,actual
2026,2070,ELK ADVERTISING,EDNA R. LIWANAG,Pulong Duhat,Renewal,Services,Contractor,Sole Proprietorship,Female,14683.78,1,2186759.51,Yearly,7412726,contractor,8747.03,actual
2026,0756,AIRAM MINI MART,AIRA JOANNA N. MENDOZA,Sacdalan,Renewal,Retail / Trade,Convenient Store,Sole Proprietorship,Female,5880,1,14962,Yearly,7091579,retailer,330.0,actual
2026,1522,GIANNE WATER REFILLING STATION,GIANNE GONZALES GALANG,Sacdalan,Renewal,Retail / Trade,Water Refilling Station,Sole Proprietorship,Female,6540,1,55000,Yearly,7095106,retailer,990.0,actual
2026,1114,CRIS AND AISA MOTORCYCLE PARTS AND ACCESSORIES SHOP,CRISELMO S. SANTOS,Tartaro,Renewal,Retail / Trade,Motor Cycle Parts,Sole Proprietorship,Male,9675,1,200000,Yearly,7410777,retailer,3300.0,actual
2026,0801,MARA  AGRI TRADING,ANGELO SERAFIN ARAMBULO BONDOC,Sacdalan,Renewal,Retail / Trade,Retailer,Sole Proprietorship,Male,12150,1,599452,Yearly,7091465,retailer,6600.0,actual
2026,1825,PICADILLY WORLD TRADE CORPORATION,PICADILLY WORLD TRADE CORPORATION,Sacdalan,Renewal,Retail / Trade,Retailer,Sole Proprietorship,,4675,1,1200,Yearly,7098193,retailer,500.0,actual
2026,1690,ARCK'S RESTAURANT,ANNIE LOU A. REYES,Sacdalan,Renewal,Services,Restaurant,Sole Proprietorship,Female,14252.8,1,610816,Yearly,7412734,food_beverage,6962.24,actual
2026,0995,CRISROBS BALAY KAINAN,ROBERTO D. GARCIA,Sacdalan,Renewal,Services,Carinderia,Sole Proprietorship,Male,10486.1,1,452888,Yearly,7092057,food_beverage,4836.1,actual
2026,0549,LENNIE'S EATERY,JUANCHO MANUEL VILLACORTA,Sacdalan,Renewal,Services,Eatery,Sole Proprietorship,Male,7350,1,240000,Yearly,7091188,food_beverage,1800.0,actual
2026,0164,RGA PRINTING SERVICES,MARY GRACE G. RODULFO,Sacdalan,Renewal,Services,Printing Services,Sole Proprietorship,Female,8190,1,166695,Yearly,7091457,other,2640.0,actual
2026,0679,CLM PROPERTY RENTAL,CORNELIO L. MANALASTAS,Sacdalan,Renewal,Real Estate,Space Rental,Sole Proprietorship,Male,5550,1,180000,Yearly,7091631,lessor,3600.0,actual
2026,0654,LB LIBUNAO PROPERTY LEASING,LAURA B. LIBUNAO,Sacdalan,Renewal,Real Estate,Leasing,Sole Proprietorship,Female,4800,1,570000,Yearly,7091618,lessor,2850.0,actual
2026,0454,A. MANIQUIZ HOG/AGRICULTURAL SUPPLY                                          AND GENERAL MERCHANDISE,ALBERTO D. MANIQUIZ,Salacot,Renewal,Retail / Trade,Retailer,Sole Proprietorship,Male,7400,1,134250,Yearly,7090857,retailer,1850.0,actual
2026,0879,AL-MALOU PHOTO COPY & GENERAL MERCHANDISE,MARILOU M. STA. MARIA,Salacot,Renewal,Retail / Trade,General Merchandise,Sole Proprietorship,,7400,1,149751,Yearly,7092382,retailer,1850.0,actual
2026,0963,AMCS BURGER FOOD HOUSE,ANASTACIO SODOY CLARITA JR,Salacot,Renewal,Retail / Trade,Burger Stand,Sole Proprietorship,Male,3940,1,50000,Yearly,7092110,food_beverage,990.0,actual
2026,1326,FATIMA GAS STATION,RICAJANE S. SAN LUIS,Salacot,Renewal,Retail / Trade,Gasoline Station,Sole Proprietorship,Female,9651.87,1,308187,Yearly,7093202,retailer,3801.87,actual
2026,1632,GIVIE STORE,GIVIE S. GAMBOA,Salacot,Renewal,Retail / Trade,Sari-sari Store,Sole Proprietorship,Female,6540,1,300000,Yearly,7096274,retailer,990.0,actual
2026,1378,HANBUN INDUSTRIAL TOOLS SUPPLY,LAWRENCE A. MASANGKAY,Salacot,Renewal,Retail / Trade,Industrial & Farm Supply,Sole Proprietorship,Male,8850,1,234463,Yearly,7094105,retailer,3300.0,actual
2026,0487,ISABELITA'S SPACE RENTAL,ISABELITA P. HERRERO,Salacot,Renewal,Retail / Trade,Rental / Apartment,Sole Proprietorship,Female,6750,1,96000,Yearly,7090856,lessor,1200.0,actual
2026,0374,JAMILA'S CONSUMER GOODS TRADING,JAMIE-LI I. CORTES,Salacot,Renewal,Retail / Trade,General Merchandise,Sole Proprietorship,,7400,1,144000,Yearly,6812455,retailer,1850.0,actual
2026,0222,JANET FAJARDO PALAY TRADING,JANET DG. FAJARDO,Salacot,Renewal,Retail / Trade,Palay and Grains Retailer,Sole Proprietorship,Female,7750,1,327000,Yearly,6810812,retailer,2200.0,actual
2026,1733,KARL'S WATER REFILLING STATION,RITCHE SANTOS SANGALANG,Salacot,Renewal,Retail / Trade,Refilling Station,Sole Proprietorship,Male,6970,1,360000,Yearly,7096942,retailer,1420.0,actual
2026,1361,KDC PHARMACARE HEALTH PRODUCTS RETAILING,KEREN ABIGAIL B. GONZALES,Salacot,Renewal,Retail / Trade,Pharmacy,Sole Proprietorship,Female,10050,1,429625,Yearly,7093845,retailer,4400.0,actual
2026,0378,LES-GO HARDWARE,LESLIE CAMILO C. GONZALVO,Salacot,Renewal,Retail / Trade,Hardware,Sole Proprietorship,Female,39146.32,1,6619263.95,Yearly,6812394,retailer,33096.32,actual
2026,1009,LUCKY ME TRADING,JULIETA DS. CRUZ,Salacot,Renewal,Retail / Trade,Retailer,Sole Proprietorship,Female,12250,1,681000,Yearly,7091798,retailer,6600.0,actual
2026,1002,MASAGANANG PAGPAPALA PASALUBONG                                              AND GENERAL MERCHANDISE,CARMELITA C. JOSHUA,Salacot,Renewal,Retail / Trade,General Merchandise,Sole Proprietorship,Female,15550,1,1379626,Yearly,7091788,retailer,10000.0,actual
2026,0891,MAYMAY MALUNGGAY BAKERY,JOSEPHINE DC. NAPOLITANO,Salacot,Renewal,Retail / Trade,Bakery,Sole Proprietorship,Female,16045.65,1,2059130,Yearly,7092368,retailer,10295.65,actual
2026,0674,MICHAEL & JAZEL FEEDS SUPPLY,JAZEL MARIE D. SANTIAGO,Salacot,Renewal,Retail / Trade,Retailer,Sole Proprietorship,,10050,1,404987,Yearly,7091643,retailer,4400.0,actual
2026,0675,MJ SANTIAGO CONSTRUCTION SUPPLY,MARK JOSEPH D. SANTIAGO,Salacot,Renewal,Retail / Trade,Const. & Gen. Mdse.,Sole Proprietorship,Male,13950,1,954233.11,Yearly,7091642,retailer,8000.0,actual
2026,1521,MRS VARIETY STORE,RIZIEL P. BACAY,Salacot,Renewal,Retail / Trade,Retailer,Sole Proprietorship,Female,6420,1,84168,Yearly,7095107,retailer,870.0,actual
2026,0362,NADINE'S DELICACIES STORE,NADINE KRISTEL A. GARCIA,Salacot,Renewal,Retail / Trade,Retailer,Sole Proprietorship,,6540,1,50000,Yearly,6812192,retailer,990.0,actual
2026,0399,PADAY WHITENING ONLINE SHOP,MELVILIN BERMUDO VERUNDO,Salacot,Renewal,Retail / Trade,Retailer,Sole Proprietorship,Female,3800,1,134770,Yearly,6812473,retailer,1850.0,actual
2026,1607,R.M.C. TRADING,RAMON M. CRUZ,Salacot,Renewal,Retail / Trade,Retailer,Sole Proprietorship,Male,7400,1,114791,Yearly,7096251,retailer,1850.0,actual
2026,0818,RARE TRADING,SERAFIN E. ESPIRITU II,Salacot,Renewal,Retail / Trade,Retailer,Sole Proprietorship,Male,15550,1,1709322,Yearly,7091192,retailer,10000.0,actual
2026,1381,SALACOT AUTO SUPPLY AND GENERAL MERCHANDISE,PEDRO G. PELLER JR.,Salacot,Renewal,Retail / Trade,Retailer,Sole Proprietorship,,5750,1,1200,Yearly,7093844,retailer,24.0,needs_review
2026,0705,SALACOT DRUG AND GEN. MERCHANDISE.,MICHELLE S. VILLACORTA,Salacot,Renewal,Retail / Trade,Retailer,Sole Proprietorship,Female,11450,1,650500,Yearly,7092354,retailer,5900.0,actual
2026,0477,TRIPLE JR LPG STORE,RACHELL STA. ANA RIVERA,Salacot,Renewal,Retail / Trade,Retailer,Sole Proprietorship,Female,5550,1,131175,Yearly,7090276,retailer,2623.5,needs_review
2026,1506,HIPNGATON FURNITURE SHOP,JOEY D. HIPNGATON,Salacot,Renewal,Manufacturing,Furniture & Appliances,Sole Proprietorship,Male,8300,1,70000,Yearly,7414641,manufacturer,2200.0,actual
2026,1707,PICKLELICIOUS FOOD PRODUCTS,CARLOTA  A. DELA PAZ,Salacot,Renewal,Manufacturing,Dealer,Sole Proprietorship,Female,19050,1,2515220,Yearly,7096913,manufacturer,13500.0,actual
2026,1148,F.R. VILLAMORAN ENTERPRISES,FERDINAND DR. VILLAMORAN,Salacot,Renewal,Services,Trucking,Sole Proprietorship,Male,7930,1,32132,Yearly,7093378,other,1980.0,actual
2026,0711,KSE COMMERCIAL LEASING,KATHLEEN S. ESPINO,Salacot,Renewal,Services,Commercial Space  Rental,Sole Proprietorship,Female,3750,1,180000,Yearly,7092248,lessor,1800.0,actual
2026,1675,LAVISH-LUSH BODY MASSAGE AND SPA,MANLYN MAE B. FERNANDEZ,Salacot,Renewal,Services,Beauty Center,Sole Proprietorship,Female,4530,1,130000,Yearly,7096325,other,980.0,actual
2026,0706,M.R. SANTIAGO CONSTRUCTION,MICHAEL L. SANTIAGO,Salacot,Renewal,Services,Contractor,Sole Proprietorship,Male,93061.82,1,18602629.59,Yearly,7092353,contractor,83711.82,actual
2026,0713,MANUEL B. FERNANDEZ JR. BUILDING I & II,MANUEL B. FERNANDEZ JR.,Salacot,Renewal,Services,Rentals,Sole Proprietorship,Male,8150,1,422400,Yearly,7092246,lessor,6200.0,actual
2026,0716,R.G. VILLACORTA CONSTRUCTION AND TRADING,ROMMEL G. VILLACORTA,Salacot,Renewal,Services,Contractor,Sole Proprietorship,Male,15450,1,1119007.4,Yearly,7092356,contractor,9700.0,actual
2026,0331,RJK TRUCKING SERVICES,KAREN JOYCE A. CATANGCATANG,Salacot,Renewal,Services,Trucking,Sole Proprietorship,,23350,1,5459436.91,Yearly,7090252,other,17500.0,actual
2026,1706,RYAN AND PHEE TRUCKING,RYAN S. DELA PAZ,Salacot,Renewal,Services,Trucking,Sole Proprietorship,Male,14300,1,886661.11,Yearly,7096914,other,8250.0,actual
2026,0707,SANTIAGO-VILLACORTA TRUCKING SERVICES,MICHELLE S. VILLACORTA,Salacot,Renewal,Services,Trucking,Sole Proprietorship,Female,15250,1,1656266.7,Yearly,7092355,other,9700.0,actual
2026,1001,A.C.M COMMERCIAL STALL RENTAL,MARLON B. MAPUYAN,Salacot,Renewal,Real Estate,Leasing,Sole Proprietorship,Male,3750,1,90000,Yearly,7091795,lessor,1800.0,actual
2026,0571,CATHERINE LAXAMANA PHYSICAL THERAPY CLINIC,CATHERINE A. LAXAMANA,Sta. Rita Matanda,Renewal,Services,Therapy Center,Sole Proprietorship,Female,12100,1,638805.75,Yearly,7091299,other,8250.0,actual
2026,1165,ZUMAVET TRADING,NOEL L. IRABAGON,Salangan,Renewal,Retail / Trade,Retailer,Sole Proprietorship,,7200,1,90000,Yearly,7416811,retailer,1320.0,actual
2026,0393,JONEE COMMERCIAL  SPACE (SALACOT J&T),CLARITA S. MALLARI,Salacot,Renewal,Real Estate,Space Rental,Sole Proprietorship,Female,3750,1,1200,Yearly,6812461,lessor,1800.0,actual
2026,0780,BEST-VALUE GLASS AND ALUMINUM WORKS,JEFFERSON P. CHIANG,Sibul,Renewal,Services,Glass Aluminum,Sole Proprietorship,Male,15714.26,1,2032852.42,Yearly,7091451,other,10164.26,actual
2026,1567,NOLIPERL PROPERTY RENTAL,ARNOLD P. MADRID JR.,Salacot,Renewal,Real Estate,Space Rental,Sole Proprietorship,Male,8430,1,480000,Yearly,7094131,lessor,6480.0,actual
2026,0712,RR COMMERCIAL LEASING,SIENNA  S. BAUTISTA,Salacot,Renewal,Real Estate,Leasing,Sole Proprietorship,,6200,1,317500,Yearly,7092247,lessor,4250.0,actual
2026,0238,SEA-BEE-LA COMMERCIAL LOT RENTAL,Daniel M. Sevilla JR.,Salacot,Renewal,Real Estate,Leasing,Sole Proprietorship,Male,8190,1,334000,Yearly,6810915,lessor,6240.0,actual
2026,0345,AKV CONSUMER GOODS RETAILING,ELIZA G. VILLENA,Salangan,Renewal,Retail / Trade,Retailer,Sole Proprietorship,Female,2940,1,53635,Yearly,6811844,retailer,990.0,actual
2026,1919,BOY MAMENG'S TRADING,RODA M. MALALUAN,Salangan,Renewal,Retail / Trade,Auto & Electrical Supply & Gen. Mdse.,Sole Proprietorship,Female,11050,1,352390,Yearly,7406024,retailer,4400.0,actual
2026,1671,BRIANA POULTRY SUPPLIES,BRYAN S. BELVIDER,Salangan,Renewal,Retail / Trade,Agricultural Products,Sole Proprietorship,Male,7500,1,106945,Yearly,7096319,retailer,1850.0,actual
2026,1169,CNE PETROLEUM PRODUCTS TRADING,DANDY A. PRIETO,Salangan,Renewal,Retail / Trade,Retailer,Sole Proprietorship,Male,5550,1,1200,Yearly,7093359,retailer,24.0,needs_review
2026,0091,CRISTY AND CLAUDINE'S PASTILLAS & PASALUBONG,CLAUDINE G. ABU,Salangan,Renewal,Retail / Trade,Retailer,Sole Proprietorship,,8950,1,275000,Yearly,6810825,retailer,3300.0,actual
2026,0436,DENCIO'S HOMEMADE NATIVE DELICACIES STORE,BENJIE R. REYES,Salangan,Renewal,Retail / Trade,Retailer,Sole Proprietorship,Male,14250,1,893953,Yearly,6812386,retailer,8000.0,actual
2026,1050,EDNA FELICIANO JUNKSHOP,EDNA M. FELICIANO,Salangan,Renewal,Retail / Trade,Buy & Sell,Sole Proprietorship,Female,12550,1,547970,Yearly,7092370,retailer,6600.0,actual
2026,1426,HANJE CERAMICS TILES CENTER AND GENERAL MERCHANDISE,EMMYLOU R. ENCABO,Salangan,Renewal,Retail / Trade,Retailer,Sole Proprietorship,Female,17950,1,1923790,Yearly,7093400,retailer,12000.0,actual
2026,0056,JJPM LPG STORE,JUNE P. MAGTALAS,Salangan,Renewal,Retail / Trade,LPG Retailer,Sole Proprietorship,Male,5550,1,381403,Yearly,6810939,retailer,7628.06,needs_review
2026,1158,KIMRIDGE TIRE SUPPLY,FERNANDO S. SANTOS,Salangan,Renewal,Retail / Trade,Retailer,Sole Proprietorship,,18350,1,1567038,Yearly,7093393,retailer,12500.0,actual
2026,0328,EMMANUEL HOSPITAL DIALYSIS CENTER,FERDINAND L. DE JESUS,Sta. Rita Matanda,Renewal,Services,Hospital,Sole Proprietorship,Male,57719.5,1,6793900,Yearly,7091492,other,34869.5,actual
2026,0035,MAVERICK'S SOFTDRINK TRADING,MAVERICK M. JIMENEZ,Salangan,Renewal,Retail / Trade,Dealer,Sole Proprietorship,,9050,1,200000,Yearly,6810840,retailer,3300.0,actual
2026,1755,PEDROZO LPG TRADING,FRANCIS R. PEDROZO,Salangan,Renewal,Retail / Trade,LPG Retailer,Sole Proprietorship,Male,5550,1,1200,Yearly,7097116,retailer,24.0,needs_review
2026,1020,PRENDS WATER REFILLING STATION,SAIRA MAY R. DELA MINEZ,Salangan,Renewal,Retail / Trade,Water Refilling Station,Sole Proprietorship,Female,5550,1,1200,Yearly,7092116,retailer,24.0,needs_review
2026,2017,RMF ANIPETS PET SUPPLIES AND ACCESSORIES TRADING,RAMON M. FUERTE,Salangan,Renewal,Retail / Trade,Retailer,Sole Proprietorship,,6787.5,1,50240,Yearly,7410770,retailer,990.0,actual
2026,1393,SALANGAN GENERAL MERCHANDISING,HONORIO S. DELA MINES,Salangan,Renewal,Retail / Trade,Retailer,Sole Proprietorship,Male,5650,1,1200,Yearly,7094112,retailer,24.0,needs_review
2026,0232,SIDNEY ROBIN MARKETING,SIDNEY ROBIN R. SIDUCON,Salangan,Renewal,Retail / Trade,Retailer,Sole Proprietorship,,12150,1,609250,Yearly,6810906,retailer,6600.0,actual
2026,1382,TRIPLE G CONSTRUCTION SUPPLIES TRADING,DIANA O. ADRIANO,Salangan,Renewal,Retail / Trade,Const. & Gen. Mdse.,Sole Proprietorship,Female,8850,1,153000,Yearly,7093838,retailer,3300.0,actual
2026,0859,VANESSA PURIFIED DRINKING WATER,FELISA O. REYES,Salangan,Renewal,Retail / Trade,Retailer,Sole Proprietorship,Female,5850,1,20000,Yearly,7092626,retailer,300.0,actual
2026,0196,KHIM'S CHICHARON MANUFACTURING,KHIM D. MILAN,Salangan,Renewal,Manufacturing,Chicharon Manufacturer,Sole Proprietorship,Female,6870,1,53812,Yearly,6808877,manufacturer,1320.0,actual
2026,0625,419340RNB SPACE RENTAL (SALANGAN BRANCH),POL DAVID R. BUENCAMINO,Salangan,Renewal,Services,Apartment,Sole Proprietorship,Male,8150,1,419340,Yearly,7092084,lessor,6200.0,actual
2026,1528,BALBAS DELIVERY SERVICES,ROI RUSTOM G. BALBAS,Salangan,Renewal,Services,Transport Services,Sole Proprietorship,,7730,1,30000,Yearly,7094985,other,1980.0,actual
2026,1333,BP COMPLEX  APARTMENT,BENJAMIN S. VILLANUEVA,Salangan,Renewal,Services,Apartment,Sole Proprietorship,Male,3750,1,180000,Yearly,7092649,lessor,1800.0,actual
2026,1394,CNDM CONSTRUCTION TRADING,CHRISTIAN NEIL R. DELA MINES,Salangan,Renewal,Services,Construction,Sole Proprietorship,Male,5650,1,1200,Yearly,7094111,contractor,27.5,needs_review
2026,0001,DOMINIQUE'S SNACK CORNER,DOMINIQUE VANGUARDIA SARMIENTO,Salangan,Renewal,Services,Food Shop/Center,Sole Proprietorship,Female,3362.5,1,55000,Yearly,6808872,food_beverage,412.5,actual
2026,0155,E.R.M PROPERTY RENTAL (SALANGAN),ELSIE R. MAGSINO,Salangan,Renewal,Services,Rentals,Sole Proprietorship,Female,3750,1,120000,Yearly,7091587,lessor,1800.0,actual
2026,1662,FLORES CANTEEN,CARLITO F. FLORES,Salangan,Renewal,Services,Canteen,Sole Proprietorship,Male,5550,1,4190,Yearly,7096310,food_beverage,10.47,needs_review
2026,1540,GELLIE BROWS AND LASHES AESTHETIC CLINIC,ANGELICA M. DE GUZMAN,Salangan,Renewal,Services,Beauty Center,Sole Proprietorship,,5730,1,94450,Yearly,7095972,other,1980.0,actual
2026,1135,INANG VIRING'S RESTAURANT,JAYPEE M. CUA,Salangan,Renewal,Services,Restaurant,Sole Proprietorship,Male,7530,1,120000,Yearly,7092093,food_beverage,1980.0,actual
2026,1311,MACKARIO'S RESTAURANT,MARK GIL N. CRUZ,Salangan,Renewal,Services,Restaurant,Sole Proprietorship,Male,18000,1,1214740,Yearly,7094782,food_beverage,12450.0,actual
2026,0684,MACL ACCOUNTING SERVICES,MARIA AGNES C. DE LEON,Salangan,Renewal,Services,Bookkeeping and Auditing,Sole Proprietorship,Female,12000,1,650200,Yearly,7091573,other,8250.0,actual
2026,0312,MELDAN APARTMENT,DANILO P. INGAL,Salangan,Renewal,Services,Apartment,Sole Proprietorship,Male,10450,1,636000,Yearly,6811836,lessor,8500.0,actual
2026,1153,R.M.E. BUILDING II,ESMELINDA M. EVANGELISTA,Salangan,Renewal,Services,Apartment,Sole Proprietorship,,8250,1,630000,Yearly,7091895,lessor,6300.0,actual
2026,1031,SAYMON APPLIANCE SERVICE CENTER,SIMEON DM DELA PAZ JR.,Salangan,Renewal,Services,Installation / Repair Maintenance,Sole Proprietorship,Male,10170,1,275280,Yearly,7092085,other,4620.0,actual
2026,1677,SMT TRUCKING SERVICES,SARAH MAE CALIGAGAN TORINO,Salangan,Renewal,Services,Trucking,Sole Proprietorship,Female,5550,1,1200,Yearly,7096328,other,5,needs_review
2026,1166,SUNWAY LAND DEVELOPER CORPORATION,SUNWAY LAND DEVELOPER CORPORATION,Salangan,Renewal,Services,Commercial Space  Rental,Sole Proprietorship,,5550,1,1200,Yearly,7093355,lessor,18.0,needs_review
2026,1474,ZMB TRUCKING SERVICES,FRIZALDY M. BACUAL,Salangan,Renewal,Services,Trucking,Sole Proprietorship,,12700,1,664821.43,Yearly,7094968,other,4250.0,actual
2026,0570,DELA MINEZ LEASE AND RENTALS,FELIPE D.S DELA MINEZ,Salangan,Renewal,Real Estate,Space Rental,Sole Proprietorship,Male,9050,1,605581.72,Yearly,7091284,lessor,7100.0,actual
2026,0227,K-CEL PROPERTY LEASING,Ricardo A. Parale,Salangan,Renewal,Real Estate,Leasing,Sole Proprietorship,,4350,1,240000,Yearly,6810849,lessor,2400.0,actual
2026,0126,M. DE CASTRO COMMERCIAL BUILDING RENTAL,MARIANNE D. SANTOS,Salangan,Renewal,Real Estate,Space Rental,Sole Proprietorship,,6570,1,7427712.9,Yearly,6810829,lessor,4620.0,actual
2026,1473,MARISSA BACUAL COMMERCIAL BUILDING,MARISSA DC. BACUAL,Salangan,Renewal,Real Estate,Space Rental,Sole Proprietorship,Female,3950,1,300000,Yearly,7094969,lessor,2000.0,actual
2026,1421,470GALANG AGRICULTURAL SUPPLY,ARNOLD T. GALANG,San Agustin,Renewal,Retail / Trade,Feeds & Agricultural Supply,Sole Proprietorship,Male,7750,1,470000,Yearly,7093389,retailer,2200.0,actual
2026,1878,BOSSNGOL LPG TRADING,IMEE P. IGNACIO,San Agustin,Renewal,Retail / Trade,LPG Retailer,Sole Proprietorship,Female,5550,1,72480,Yearly,7099190,retailer,1449.6,needs_review
2026,0698,CHRISTIAN ANTIQUE SHOP,CHRISTIAN G. LIM,San Agustin,Renewal,Retail / Trade,Retailer,Sole Proprietorship,Male,8850,1,240000,Yearly,7091564,retailer,3300.0,actual
2026,1239,CHRISTIAN'S MOTORCYCLE PARTS AND ACCESSORIES SHOP,CHRISTIAN R. FLORES,San Agustin,Renewal,Retail / Trade,Motor Cycle Parts,Sole Proprietorship,Male,5990,1,4000,Yearly,7092423,retailer,440.0,actual
2026,0379,CORREA FARMACIA,KELVIN KURT J. CORREA,San Agustin,Renewal,Retail / Trade,Pharmacy,Sole Proprietorship,Male,8850,1,250000,Yearly,6812452,retailer,3300.0,actual
2026,0248,JOSEFINO SANTIAGO DELAPAZ AGRI MARKETING,JOSEFINO S. DELA PAZ,San Agustin,Renewal,Retail / Trade,Retailer,Sole Proprietorship,,8950,1,250000,Yearly,6810949,retailer,3300.0,actual
2026,1948,ONEDRIVED GASOLINE STATION,ROSIE E. ANDRES,San Agustin,Renewal,Retail / Trade,Gasoline Station,Sole Proprietorship,Female,5650,1,270971.58,Yearly,7407717,retailer,5419.43,needs_review
2026,1726,PASABAY DOCS DOCUMENT FACILITATION SERVICES,MARK B. DE GUZMAN,San Agustin,Renewal,Retail / Trade,Native Products Retailing,Sole Proprietorship,Male,3800,1,117000,Yearly,7096932,retailer,1850.0,actual
2026,0912,POLA'S STORE,LEONARDA P. DOMINGO,San Agustin,Renewal,Retail / Trade,Sari-sari Store,Sole Proprietorship,Female,8850,1,279428,Yearly,7092079,retailer,3300.0,actual
2026,0080,RAFFY LPG TRADING,RAFFY R. DIZON,San Agustin,Renewal,Retail / Trade,Retailer,Sole Proprietorship,Male,5550,1,50000,Yearly,6811704,retailer,1000.0,needs_review
2026,0709,RJG FEEDS TRADING,MARICEL M. DELA CRUZ,San Agustin,Renewal,Retail / Trade,Feeds & Agricultural Supply,Sole Proprietorship,Female,8850,1,205490,Yearly,7092351,retailer,3300.0,actual
2026,1434,ST AGUSTINE HARDWARE,JOANA MARIE C. MANGAHAS,San Agustin,Renewal,Retail / Trade,Hardware,Sole Proprietorship,Female,9950,1,350615,Yearly,7093697,retailer,4400.0,actual
2026,0754,CAL1DAD VIDEO AND AUDIO EDITING SERVICES,RESPIE M. FLORES,San Agustin,Renewal,Services,Contractor,Sole Proprietorship,Female,11950,1,6857643.83,Yearly,7091593,contractor,10000.0,actual
2026,0844,CID'S CABIN RESORT,RODRIGO C. CRUZ,San Agustin,Renewal,Services,Resort,Sole Proprietorship,Male,19208.92,1,2451784,Yearly,6812483,amusement,12258.92,actual
2026,1461,QUINNCESS TRUCKING SERVICES,DAVID ANGELO V. GATUZ,San Agustin,Renewal,Services,Trucking,Sole Proprietorship,Male,6100,1,40255.58,Yearly,7095136,other,550.0,actual
2026,1256,ROMANSITO WELDING SHOP,ROMANSITO B. PENGSON,San Agustin,Renewal,Services,Welding Shop,Sole Proprietorship,Male,5935,1,32200,Yearly,7090192,other,385.0,actual
2026,0128,DE CASTRO-SANTOS COMMERCIAL LOT RENTAL,MARIANNE DECASTRO SANTOS,San Agustin,Renewal,Real Estate,Leasing,Sole Proprietorship,,5730,1,60948.5,Yearly,6810827,lessor,3780.0,actual
2026,0106,LOUEASE LOT LEASING,KRISTINE C. BUAN,San Agustin,Renewal,Real Estate,Leasing,Sole Proprietorship,Female,4950,1,23998.5,Yearly,7090887,lessor,3000.0,actual
2026,0421,SANTOS JR GROCERY PRODUCTS DISTRIBUTION,WENCESLAO V. SANTOS JR.,San Jose,Renewal,Retail / Trade,Grocery,Sole Proprietorship,Male,5550,1,1200,Yearly,7090169,retailer,24.0,needs_review
2026,1481,4J'S CANDY STORE,JUNADESS VALERIE D. ORTIZ,San Jose,Renewal,Retail / Trade,Candy Store,Sole Proprietorship,Female,7400,1,130000,Yearly,7094952,retailer,1850.0,actual
2026,1602,A  AND A'S LAUNDRY LOUNGE,KATHRYN G. RAMIREZ,San Jose,Renewal,Retail / Trade,Retailer,Sole Proprietorship,Female,5990,1,35348.04,Yearly,7093396,retailer,440.0,actual
2026,1685,W.C REVOLLIDO SURVEYING SERVICES,WILSON C. REVOLLIDO,San Jose,Renewal,Services,Contractor,Sole Proprietorship,Male,6325,1,113348,Yearly,7409760,contractor,1980.0,actual
2026,0384,ABDUL RACHMAN CONSUMER GOODS TRADING,DIAMONA SUBO-SUBO MACAUMBAO,San Jose,Renewal,Retail / Trade,Retailer,Sole Proprietorship,,13650,1,957510,Yearly,7090159,retailer,8000.0,actual
2026,0395,ABIOG PHARMACY,PAULA RICA L. ABIOG,San Jose,Renewal,Retail / Trade,Pharmacy,Sole Proprietorship,Female,8950,1,248850,Yearly,6812478,retailer,3300.0,actual
2026,1222,ACIS HARDWARE,ELISEO F. LIBUNAO,San Jose,Renewal,Retail / Trade,Retailer,Sole Proprietorship,Male,7970,1,36320,Yearly,7093825,retailer,2420.0,actual
2026,0631,AEDEN BICYCLE PARTS,ERNIE R. LAPUZ,San Jose,Renewal,Retail / Trade,Retailer,Sole Proprietorship,Male,7970,1,163555,Yearly,7092099,retailer,2420.0,actual
2026,1684,AFRYL MEAT STALL,AFRYL JOY C. REYES,San Jose,Renewal,Retail / Trade,Retailer,Sole Proprietorship,Female,8850,1,250000,Yearly,7096338,retailer,3300.0,actual
2026,0564,AINIE'S CELLPHONE AND ACCESSORIES SHOP,MOHAMMAD YASSEN G. SOLAIMAN,San Jose,Renewal,Retail / Trade,Cellphone & Access. Retailer,Sole Proprietorship,,3450,1,1200,Yearly,7091282,retailer,24.0,needs_review
2026,0456,ALEX AND GINA RICE STORE,ALEXANDER G. BALONDO,San Jose,Renewal,Retail / Trade,Rice Retailer,Sole Proprietorship,Male,11550,1,859000,Yearly,7090943,retailer,6000.0,actual
2026,0946,ALICIA'S DRY GOODS RETAILING,ALICIA E. MANUZON,San Jose,Renewal,Retail / Trade,Retailer,Sole Proprietorship,Female,6210,1,36000,Yearly,7091751,retailer,660.0,actual
2026,1640,ALING LIZA'S DRESSED CHICKEN STORE,ANALIZA B. DE JESUS,San Jose,Renewal,Retail / Trade,Retailer,Sole Proprietorship,,9950,1,436800,Yearly,7096284,retailer,4400.0,actual
2026,0936,ALLAN AND NENE MEAT STALL,MARICEL H. MAURICIO,San Jose,Renewal,Retail / Trade,Retailer,Sole Proprietorship,Female,6470,1,18000,Yearly,7091767,retailer,920.0,actual
2026,1415,ANDY AND INE MEAT STALL,ANDRES A. PELAYO,San Jose,Renewal,Retail / Trade,Retailer,Sole Proprietorship,Male,6900,1,360000,Yearly,7093351,retailer,1350.0,actual
2026,1432,ANSHAVY MEAT STALL,SHARON JOSE DELA CRUZ,San Jose,Renewal,Retail / Trade,Meat Retailer,Sole Proprietorship,Female,8850,1,260000,Yearly,7093691,retailer,3300.0,actual
2026,1323,AXIS ELECTRONICS SUPPLY,ISABELITA B. LEONCIO,San Jose,Renewal,Retail / Trade,Retailer,Sole Proprietorship,Male,7850,1,118079,Yearly,7092638,retailer,2300.0,actual
2026,1636,BABY AND LIZA VIDAL FISH RETAILING,LIZA D. VIDAL,San Jose,Renewal,Retail / Trade,Retailer,Sole Proprietorship,,7400,1,105155,Yearly,7096280,retailer,1850.0,actual
2026,1161,BBJ STALL RENTALS,MARY ANN G. JIMENEZ,San Jose,Renewal,Retail / Trade,Rental/Building,Sole Proprietorship,Female,8150,1,344000,Yearly,7091152,lessor,6200.0,actual
2026,1483,BEA  AND JON JON DRIED FISH,LEONARDO S. ORTIZ III,San Jose,Renewal,Retail / Trade,Retailer,Sole Proprietorship,Male,7970,1,150000,Yearly,7094954,retailer,2420.0,actual
2026,0420,BEA  AND THIRDY ENTERPRISES,JOYCE ANN  A. SANTOS,San Jose,Renewal,Retail / Trade,Retailer,Sole Proprietorship,Female,186132.22,1,20951422.08,Yearly,7090168,retailer,136184.24,actual
2026,0419,BEA  AND THIRDY ENTERPRISES (REMITTANCES),JOYCE ANN  A. SANTOS,San Jose,Renewal,Retail / Trade,Retailer,Sole Proprietorship,Female,3670,1,10000,Yearly,7090167,retailer,220.0,actual
2026,1504,BEBE AND OGLE STORE,WILFREDO R. MACAPAGAL JR.,San Jose,Renewal,Retail / Trade,Sari-sari Store,Sole Proprietorship,,7970,1,288000,Yearly,7095134,retailer,2420.0,actual
2026,1585,BISAR STORE,SARAH L. BANGIT,San Jose,Renewal,Retail / Trade,Retailer,Sole Proprietorship,Female,8850,1,233450,Yearly,7094148,retailer,3300.0,actual
2026,0769,BONG-VIOLY'S SARI-SARI STORE,OLIVER S. ROURA,San Jose,Renewal,Retail / Trade,Retailer,Sole Proprietorship,Female,7400,1,137559,Yearly,7091467,retailer,1850.0,actual
2026,1713,BUAN'S RICE RETAILER,ANNA ALELIE D. BUAN,San Jose,Renewal,Retail / Trade,Retailer,Sole Proprietorship,Female,8850,1,576000,Yearly,7096921,retailer,3300.0,actual
2026,1692,CARMELITA  OPTICAL,CARMELITA SONIA N. CRUZ,San Jose,Renewal,Retail / Trade,Retailer,Sole Proprietorship,Female,5900,1,117689,Yearly,7096344,retailer,350.0,actual
2026,0837,CATALINA S. BALONDO RICE STORE,CATALINA S. BALONDO,San Jose,Renewal,Retail / Trade,Retailer,Sole Proprietorship,Female,7750,1,739130,Yearly,7090872,retailer,2200.0,actual
2026,1400,CATHY MALLARE MEAT STALL,CATHERINE P. MALLARE,San Jose,Renewal,Retail / Trade,Retailer,Sole Proprietorship,Female,7970,1,300000,Yearly,7093672,retailer,2420.0,actual
2026,1963,CEL'S FRUIT AND VEGETABLE STALL,GRISELDA LLONA ABEJURO,San Jose,Renewal,Retail / Trade,Retailer,Sole Proprietorship,Female,14925,1,3360000,Yearly,7409761,retailer,7500.0,actual
2026,0492,CHE-SHE VARIETY STORE,LEONILA S. BINUYA,San Jose,Renewal,Retail / Trade,Retailer,Sole Proprietorship,,6650,1,62166.66,Yearly,7090879,retailer,1100.0,actual
2026,0703,CHRISJEN'S AVON BOUTIQUE,CHRISTOPHER S. CASTRO,San Jose,Renewal,Retail / Trade,Retailer,Sole Proprietorship,Male,7400,1,131148,Yearly,7091556,retailer,1850.0,actual
2026,1758,CLARISSA RIVERA CELLPHONE AND ACCESSORIES SHOP,CLARISSA M. RIVERA,San Jose,Renewal,Retail / Trade,Cellphone & Access. Retailer,Sole Proprietorship,Female,5962.5,1,23500,Yearly,7097120,retailer,330.0,actual
2026,0838,CLINT AND CHE RICE STORE,CLINT SR. ILUSTRE,San Jose,Renewal,Retail / Trade,Rice Retailer,Sole Proprietorship,Male,8850,1,715830,Yearly,7090871,retailer,3300.0,actual
2026,1390,CPL STORE,IMELDA T. LIZARONDO,San Jose,Renewal,Retail / Trade,Retailer,Sole Proprietorship,Female,8850,1,215749,Yearly,7094101,retailer,3300.0,actual
2026,1553,CRISTY DRESSED CHICKEN VENDOR,CRISTINA I. ATAY,San Jose,Renewal,Retail / Trade,Retailer,Sole Proprietorship,Female,7970,1,180000,Yearly,7093669,retailer,2420.0,actual
2026,0230,DAL & DECK RTW,DALIA D. RAMOS,San Jose,Renewal,Retail / Trade,RTW,Sole Proprietorship,Female,7420,1,150820,Yearly,6811703,retailer,1870.0,actual
2026,1716,DALIGCON MINI GROCERY,NENITA H. DALIGCON,San Jose,Renewal,Retail / Trade,Sari-sari Store,Sole Proprietorship,Female,7660,1,100535.67,Yearly,7096347,retailer,2010.0,actual
2026,1043,DANTE AND GRACE DRY GOODS,MARY GRACE Y. HERNANDEZ,San Jose,Renewal,Retail / Trade,Retailer,Sole Proprietorship,Female,5990,1,32125,Yearly,7092149,retailer,440.0,actual
2026,2021-0952,DARRYL'S FROZEN FOOD STORE,DARRYL B. ONOFRE,San Jose,Renewal,Retail / Trade,Chicken Retailer,Sole Proprietorship,Female,0,1,951000,Yearly,,retailer,13510.0,no_match
2026,1152,DBV ENTERPRISE,DIVINA B. VELEZ,San Jose,Renewal,Retail / Trade,Drugstore,Sole Proprietorship,Female,9550,1,818440.34,Yearly,7092095,retailer,4000.0,actual
2026,0270,DELA PAZ TRADING,PATRICK DP. TERMINEZ,San Jose,Renewal,Retail / Trade,Retailer,Sole Proprietorship,Male,51650,1,1148856.9,Yearly,6811744,retailer,45000.0,actual
2026,0559,DELMY'S FOOTWEAR STORE,EDELMIRA S. MANIQUIZ,San Jose,Renewal,Retail / Trade,Retailer,Sole Proprietorship,,6540,1,50000,Yearly,7091254,retailer,990.0,actual
2026,0205,DENIA'S FOOTWEAR,DENIA D. SANCHEZ,San Jose,Renewal,Retail / Trade,Footwear,Sole Proprietorship,Female,6540,1,64570,Yearly,6810813,retailer,990.0,actual
2026,1447,DHON CARLOS FROZEN FOOD STORE,CECILIA M.LAFINA,San Jose,Renewal,Retail / Trade,Frozen and Processed Food Store,Sole Proprietorship,Female,8850,1,216000,Yearly,7094144,retailer,3300.0,actual
2026,1375,JOSEPHINE SARI-SARI STORE,JOMARIE ANNE DELA CRUZ SOTTO,Tartaro,Renewal,Retail / Trade,Sari-sari Store,Sole Proprietorship,Female,8150,1,335297.19,Yearly,7093816,retailer,4400.0,actual
2026,1705,DJRIC STORE,DESIREE E. RAMOS,San Jose,Renewal,Retail / Trade,Retailer,Sole Proprietorship,Female,4740,1,75530,Yearly,7096912,retailer,990.0,actual
2026,0172,DONABEL A. SANCHEZ RICE STORE,DONABEL A. SANCHEZ,San Jose,Renewal,Retail / Trade,Retailer,Sole Proprietorship,Female,9950,1,356075,Yearly,7091165,retailer,4400.0,actual
2026,0839,DONNA BALONDO FRUITS AND VEGETABLE STORE 1,DONNA P. BALONDO,San Jose,Renewal,Retail / Trade,Retailer,Sole Proprietorship,Female,8850,1,288970,Yearly,7090870,retailer,3300.0,actual
2026,0840,DONNA BALONDO FRUITS AND VEGETABLE STORE 2,DONNA P. BALONDO,San Jose,Renewal,Retail / Trade,Retailer,Sole Proprietorship,Female,8950,1,288970,Yearly,7090869,retailer,3300.0,actual
2026,1025,E.S.S. WEDDING GOWNS & BARONG ENTERPRISES,EVANGELINE S. SEMIILLANO,San Jose,Renewal,Retail / Trade,Retailer,Sole Proprietorship,Female,6210,1,40000,Yearly,7092103,retailer,660.0,actual
2026,1467,EDMOR'S STORE,JOSE EDGAR P. MORALES,San Jose,Renewal,Retail / Trade,Retailer,Sole Proprietorship,,6650,1,71580,Yearly,7094972,retailer,1100.0,actual
2026,0836,ELMER BALONDO'S RICE STORE,ELMER S. BALONDO,San Jose,Renewal,Retail / Trade,Retailer,Sole Proprietorship,Male,8850,1,606370,Yearly,7090874,retailer,3300.0,actual
2026,0761,EM'S FASHION BOUTIQUE,EMILY CHICO OLMO,San Jose,Renewal,Retail / Trade,RTW,Sole Proprietorship,,6738,1,89034,Yearly,7091580,retailer,1188.0,actual
2026,1501,EUNICE PRONUEVO SARI-SARI STORE,EUNICE D. PRONUEVO,San Jose,Renewal,Retail / Trade,Sari-sari Store,Sole Proprietorship,Female,12150,1,812315,Yearly,7095140,retailer,6600.0,actual
2026,1372,F.M. GARCIA HARDWARE & GENERAL MERCHANDISE,FELIX M. GARCIA,San Jose,Renewal,Retail / Trade,Retailer,Sole Proprietorship,Male,13650,1,1719914.81,Yearly,7093815,retailer,8000.0,actual
2026,1658,FREDDIE & LANIE MEAT STALL,MELANIE K. TECSON,San Jose,Renewal,Retail / Trade,Retailer,Sole Proprietorship,Female,6050,1,360000,Yearly,7096304,retailer,500.0,actual
2026,2060,FSJRL NATIVE PRODUCTS STORE,STEPHANIE M. OCAMPO,San Jose,Renewal,Retail / Trade,Native Products Retailing,Sole Proprietorship,Female,4300,1,32000,Yearly,7412714,retailer,440.0,actual
2026,1767,GALANG'S DRY GOOD STORE,EVELYN G. AÑONUEVO,San Jose,Renewal,Retail / Trade,Retailer,Sole Proprietorship,Female,6100,1,30000,Yearly,7097132,retailer,440.0,actual
2026,1650,GEANA KRIS BEAUTY PRODUCTS SHOP,NELLY L. RAMOS,San Jose,Renewal,Retail / Trade,Retailer,Sole Proprietorship,Female,5870,1,1200,Yearly,7096296,retailer,320.0,actual
2026,1711,GEM'S GADGETS SHOP,MARIVIC MANLICLIC LANSANGAN,San Jose,Renewal,Retail / Trade,Cellphone & Access. Retailer,Sole Proprietorship,Female,5300,1,118500,Yearly,7096919,retailer,1850.0,actual
2026,0639,GERALD SARI - SARI STORE,GERALD F. DAZAL,San Jose,Renewal,Retail / Trade,Retailer,Sole Proprietorship,Male,9050,1,221690,Yearly,7091856,retailer,3300.0,actual
2026,1569,GERMAN'S SARI SARI STORE,GERMAN E. DELA CRUZ JR.,San Jose,Renewal,Retail / Trade,Sari-sari Store,Sole Proprietorship,,9950,1,367000,Yearly,7094127,retailer,4400.0,actual
2026,1617,GERRY AND ITANG FISH VENDOR,ELENITA P. LOGROÑO,San Jose,Renewal,Retail / Trade,Retailer,Sole Proprietorship,Female,7970,1,150000,Yearly,7096262,retailer,2420.0,actual
2026,1064,GIGIE AND ROD SKIN CARE PRODUCTS GENERAL MERCHANDISE,LETICIA B. STA. ANA,San Jose,Renewal,Retail / Trade,Retailer,Sole Proprietorship,,5650,1,25730,Yearly,7092244,retailer,514.6,needs_review
2026,1603,GJ AND T HARDWARE AND ELECTRICAL SUPPLIES,MARY JANE B. FUERTE,San Jose,Renewal,Retail / Trade,Retailer,Sole Proprietorship,Female,12250,1,512086,Yearly,7093693,retailer,6600.0,actual
2026,0755,GRACE GARCIA PLASTIC WARE,GRACE G. LAPUZ,San Jose,Renewal,Retail / Trade,Retailer,Sole Proprietorship,Female,7970,1,180000,Yearly,7091592,retailer,2420.0,actual
2026,1015,HANNAH CLOTHING WHOLESALING,HANNAH JOY P. RODA,San Jose,Renewal,Retail / Trade,Retailer,Sole Proprietorship,Female,7500,1,101805,Yearly,7092135,retailer,1850.0,actual
2026,1000,HIROMI'S TRADING,ROGELIO DC. CHENG,San Jose,Renewal,Retail / Trade,Retailer,Sole Proprietorship,Male,8170,1,173570,Yearly,7091797,retailer,2420.0,actual
2026,1429,I.D.'S PHARMACY,IRENE S. DY,San Jose,Renewal,Retail / Trade,Retailer,Sole Proprietorship,,8950,1,275580,Yearly,7093246,retailer,3300.0,actual
2026,1573,IMBERTS AND MAYLIN DRESSED CHICKEN STORE,GILBERT B. CATACUTAN,San Jose,Renewal,Retail / Trade,Retailer,Sole Proprietorship,,7400,1,108000,Yearly,7093671,retailer,1850.0,actual
2026,0214,IMEE GARCIA GLASSWARE STORE,IMELDA R. GARCIA,San Jose,Renewal,Retail / Trade,Retailer,Sole Proprietorship,Female,7550,1,1200,Yearly,6810818,retailer,2000.0,actual
2026,0438,IMELDA  AND GILBERT MEAT STALL,IMELDA L. DOMINGO,San Jose,Renewal,Retail / Trade,Retailer,Sole Proprietorship,Female,12550,1,1200,Yearly,6812385,retailer,7000.0,actual
2026,0079,J.Y.M. SPACE RENTAL,JOSEFINA YAMSON MENDOZA,San Jose,Renewal,Retail / Trade,Native Products Retailing,Sole Proprietorship,Female,3950,1,1200,Yearly,6812200,retailer,2000.0,actual
2026,1479,JAM CELLPHONE ACCESORIES SHOP,JAMAL M. TANGGO,San Jose,Renewal,Retail / Trade,Cellphone & Access. Retailer,Sole Proprietorship,Female,5300,1,120000,Yearly,7094957,retailer,1850.0,actual
2026,1541,JAMAIL P. PANDAPATAN FOOTWEAR STORE,JAMAIL P. PANDAPATAN,San Jose,Renewal,Retail / Trade,Retailer,Sole Proprietorship,Male,8675,1,170000,Yearly,7406004,retailer,2420.0,actual
2026,1399,JANETH DRESSED CHICKEN STALL,GERALDINE T. RAMOS,San Jose,Renewal,Retail / Trade,Retailer,Sole Proprietorship,Female,7970,1,180000,Yearly,7093670,retailer,2420.0,actual
2026,1490,DAIRA'S GENERAL MERCHANDISE,DOLLY DIMPLES Q. GABRIEL,San Juan,Renewal,Retail / Trade,General Merchandise,Sole Proprietorship,Female,7862.5,1,103667,Yearly,7098178,retailer,1850.0,actual
2026,1555,JCC MART CORPORATION / CASANUEVA MART,JCC MART CORPORATION / CASANUEVA MART,San Jose,Renewal,Retail / Trade,Grocery,Sole Proprietorship,,23612.5,1,52891584.07,Quarterly,7409775,retailer,23612.5,actual
2026,1623,JEORGE JR SARI-SARI STORE,JEORGE L. GARCIA JR.,San Jose,Renewal,Retail / Trade,Retailer,Sole Proprietorship,Male,5990,1,30000,Yearly,7096265,retailer,440.0,actual
2026,0834,JERICO BALONDO RICE STORE,JERICO S. BALONDO,San Jose,Renewal,Retail / Trade,Retailer,Sole Proprietorship,Male,7750,1,478900,Yearly,7090876,retailer,2200.0,actual
2026,0634,JESSIE BALLESTEROS DRY GOODS STORE,JESSIE D. BALLESTEROS,San Jose,Renewal,Retail / Trade,Retailer,Sole Proprietorship,Male,7420,1,76910,Yearly,7091630,retailer,1870.0,actual
2026,0935,JHON-JHON AND BENG MEAT STALL,OLIVIA G. ROQUE,San Jose,Renewal,Retail / Trade,Retailer,Sole Proprietorship,Female,6470,1,180000,Yearly,7091769,retailer,920.0,actual
2026,1118,JOAN'S PASALUBONG STORE,JOANNA MARIE L. ESGUERRA,San Jose,Renewal,Retail / Trade,Retailer,Sole Proprietorship,Female,6100,1,1200,Yearly,7092438,retailer,550.0,actual
2026,0662,JOEL & PRETTY MEAT STALL,PRETTY ROSE V. ENRIQUEZ,San Jose,Renewal,Retail / Trade,Retailer,Sole Proprietorship,Female,6540,1,85000,Yearly,7091608,retailer,990.0,actual
2026,0391,JONEE COMMERCIAL SPACE (SAN JOSE FC HOME),CLARITA S. MALLARI,San Jose,Renewal,Retail / Trade,Rental/Building,Sole Proprietorship,,7950,1,1200,Yearly,6812460,lessor,6000.0,actual
2026,1087,JOSEPH HELEN MEAT STALL,HELEN K. QUIZON,San Jose,Renewal,Retail / Trade,Retailer,Sole Proprietorship,Female,6540,1,180000,Yearly,7092441,retailer,990.0,actual
2026,0269,JPB JUNKSHOP,JOSE PRIMO C. BLAS,San Jose,Renewal,Retail / Trade,Buy & Sell,Sole Proprietorship,Male,7970,1,199718,Yearly,6811747,retailer,2420.0,actual
2026,0962,JRSA VARIETY STORE,ROMAN D. SARABUNO,San Jose,Renewal,Retail / Trade,Variety Store,Sole Proprietorship,Male,7970,1,150000,Yearly,7092112,retailer,2420.0,actual
2026,0394,JUDY'S PHARMACY,JUDY L. ABIOG,San Jose,Renewal,Retail / Trade,Retailer,Sole Proprietorship,Female,8070,1,178566.67,Yearly,6812477,retailer,2420.0,actual
2026,1765,SILANGANTECH SOLAR PRODUCTS TRADING,JOHNNY DODGE PENALOSA MALACA,San Juan,Renewal,Services,Contractor,Sole Proprietorship,,5550,1,1200,Yearly,7095951,contractor,27.5,needs_review
2026,1486,KABIGTING MEAT STALL,CECILIA G. KABIGTING,San Jose,Renewal,Retail / Trade,Retailer,Sole Proprietorship,,7970,1,360000,Yearly,7094790,retailer,2420.0,actual
2026,1322,KAMBAL'S FROZEN PRODUCTS STORE,JOANNE M. SUBA,San Jose,Renewal,Retail / Trade,Frozen and Processed Food Store,Sole Proprietorship,Female,6870,1,100000,Yearly,7092645,retailer,1320.0,actual
2026,0422,KHERWIN CANDY STORE,KHERWIN DC. PACHECO,San Jose,Renewal,Retail / Trade,Candy Store,Sole Proprietorship,Male,5825,1,18352,Yearly,7090171,retailer,275.0,actual
2026,0665,KJ KABIGTING MEAT STALL,KARREL JOY R. KABIGTING,San Jose,Renewal,Retail / Trade,Retailer,Sole Proprietorship,Female,6540,1,80000,Yearly,7091606,retailer,990.0,actual
2026,0111,KRISJAN RICE AND FRUITS DEALER,DANILO D. SANTOS,San Jose,Renewal,Retail / Trade,Retailer,Sole Proprietorship,,8070,1,100000,Yearly,6808883,retailer,2420.0,actual
2026,1370,KRISTEL DRY GOODS RETAILING,MA. CRISTINA M. OCAMPO,San Jose,Renewal,Retail / Trade,RTW,Sole Proprietorship,Female,6050,1,68000,Yearly,792633,retailer,500.0,actual
2026,0182,LAPUZ AGRICULTURAL & POULTRY SUPPLY,ADELINA T. LAPUZ,San Jose,Renewal,Retail / Trade,Retailer,Sole Proprietorship,Female,8370,1,163905,Yearly,6811740,retailer,2420.0,actual
2026,0299,LIZ BURGER BAR,ANALIZA R. IGNACIO,San Jose,Renewal,Retail / Trade,Retailer,Sole Proprietorship,Female,7500,1,100000,Yearly,6812184,retailer,1850.0,actual
2026,1195,LIZARONDO SARI-SARI STORE,PATRICIO S. LIZARONDO,San Jose,Renewal,Retail / Trade,Sari-sari Store,Sole Proprietorship,Male,4700,1,101111,Yearly,7093689,retailer,850.0,actual
2026,0781,LORIBETH'S CIDERA,EVERLITA B. REYES,San Jose,Renewal,Retail / Trade,Retailer,Sole Proprietorship,Female,6210,1,47666.67,Yearly,7091300,retailer,660.0,actual
2026,0817,LORINA  B. LAZARO SARI-SARI STORE,LORINA B. LAZARO,San Jose,Renewal,Retail / Trade,Sari-sari Store,Sole Proprietorship,Female,7070,1,187650,Yearly,7091293,retailer,1420.0,actual
2026,0203,MALCREDO STORE,ELIAS M. MALCREDO,San Jose,Renewal,Retail / Trade,Sari-sari Store,Sole Proprietorship,,6650,1,71831,Yearly,6810839,retailer,1100.0,actual
2026,1240,MERCADO RICE MILL,ISAGANI C. MERCADO,Sta. Ines,Renewal,Services,Rice Mill,Sole Proprietorship,Male,6650,1,50000,Yearly,7098185,other,880.0,actual
2026,0996,MARILOU FISH STORE,MARILOU J. MALONZO,San Jose,Renewal,Retail / Trade,Retailer,Sole Proprietorship,Female,7310,1,100000,Yearly,7092055,retailer,1850.0,actual
2026,0664,MARISSA MANIQUIS MEAT STALL,MARISSA M. PATAYON,San Jose,Renewal,Retail / Trade,Retailer,Sole Proprietorship,Female,7420,1,85000,Yearly,7091605,retailer,1870.0,actual
2026,1150,MARK-JHAZ DRESSED CHICKEN STALL,JASMINE M. ROBLES,San Jose,Renewal,Retail / Trade,Chicken Retailer,Sole Proprietorship,Female,6540,0,50000,Yearly,7093379,retailer,990.0,actual
2026,1026,MARY ROSE BANAG DOMINGO CURTAIN COLLECTION,MARY ROSE S. BANAG,San Jose,Renewal,Retail / Trade,Retailer,Sole Proprietorship,,3780,1,20000,Yearly,7092105,retailer,330.0,actual
2026,1004,MASAGANANG PAGPAPALA PASALUBONG                                              AND GENERAL MERCHANDISE,CARMELITA C. JOSHUA,San Jose,Renewal,Retail / Trade,Baked Products,Sole Proprietorship,Female,15550,1,1148093,Yearly,7091787,retailer,10000.0,actual
2026,0212,MAURA'S DRIED FISH STORE,MAURA M. CAVITANA,San Jose,Renewal,Retail / Trade,Retailer,Sole Proprietorship,,6540,1,56000,Yearly,6810904,retailer,990.0,actual
2026,0796,MIRA'S DRIED FISH,EDELMIRA DR. SANTOS,San Jose,Renewal,Retail / Trade,Retailer,Sole Proprietorship,Female,7400,1,149000,Yearly,7091477,retailer,1850.0,actual
2026,0851,MIRIAM G. GARRIDO MEAT STALL,MIRIAM G. GARRIDO,San Jose,Renewal,Retail / Trade,Retailer,Sole Proprietorship,Female,6470,1,180000,Yearly,7091768,retailer,920.0,actual
2026,1701,MON & LANI FROZEN FOOD STORE,HONEYLETH L. RAMOS,San Jose,Renewal,Retail / Trade,Retailer,Sole Proprietorship,Female,9950,1,672000,Yearly,7096904,retailer,4400.0,actual
2026,1689,MSS CYCLE TRADING,JONATHAN K. AGABIN,San Jose,Renewal,Retail / Trade,Motor Cycle Parts,Sole Proprietorship,Male,7400,1,118742.32,Yearly,7096340,retailer,1850.0,actual
2026,1108,MTR DRYGOODS,MARISSA R. RAYO,San Jose,Renewal,Retail / Trade,Retailer,Sole Proprietorship,Female,7400,1,127310,Yearly,7093220,retailer,1850.0,actual
2026,1691,MY ONE BAKESHOP,PAUL VINCENT N. CRUZ,San Jose,Renewal,Retail / Trade,Retailer,Sole Proprietorship,Male,5900,1,105744,Yearly,7096345,retailer,350.0,actual
2026,0465,N&N CONSUMER GOODS TRADING,MOHAMMAD NOR M. ANWAR,San Jose,Renewal,Retail / Trade,Retailer,Sole Proprietorship,Male,9950,1,491150,Yearly,7090265,retailer,4400.0,actual
2026,0094,NANING'S DRY GOODS,FRANCISCO M. CONCEPCION,San Jose,Renewal,Retail / Trade,Retailer,Sole Proprietorship,,7400,1,122435,Yearly,6812388,retailer,1850.0,actual
2026,0093,NANING'S LPG OUTLET,MICHAEL JULIUS B. CONCEPCION,San Jose,Renewal,Retail / Trade,LPG Retailer,Sole Proprietorship,Male,5550,1,50000,Yearly,6812389,retailer,1000.0,needs_review
2026,0673,NEK-NEK DRESSED CHICKEN STORE,CARREN B. CARPIO,San Jose,Renewal,Retail / Trade,Retailer,Sole Proprietorship,Female,6210,1,96000,Yearly,7091645,retailer,660.0,actual
2026,1488,NIDA AND ONALD FISH STALL,RONALDO D. FLORES,San Jose,Renewal,Retail / Trade,Fish Retailer,Sole Proprietorship,Male,9950,1,360000,Yearly,7094788,retailer,4400.0,actual
2026,1471,OME'S VEGETABLE,ROMEO DC DELA CRUZ,San Jose,Renewal,Retail / Trade,Vegetable Retailer,Sole Proprietorship,Male,9050,1,140000,Yearly,7094970,retailer,3300.0,actual
2026,1177,ORTIZ RICE STORE,YVES KIEFER V. ORTIZ,San Jose,Renewal,Retail / Trade,Retailer,Sole Proprietorship,,6850,1,406320,Yearly,7093667,retailer,1300.0,actual
2026,0014,OYET RTW STORE,JULITA O. AVENDAÑO,San Jose,Renewal,Retail / Trade,RTW,Sole Proprietorship,Female,6050,1,72000,Yearly,794115,retailer,500.0,actual
2026,0356,G & E SPACE RENTAL,GINA L. ABELARDO,Sta. Rita Matanda,Renewal,Real Estate,Space Rental,Sole Proprietorship,Female,2850,1,60000,Yearly,6812171,lessor,900.0,actual
2026,0403,PERLITA'S STORE,ALEXANDER A. BAUTISTA,San Jose,Renewal,Retail / Trade,Retailer,Sole Proprietorship,Male,3181.23,1,2544974.8,Quarterly,7409766,retailer,3181.23,actual
2026,0490,PHARMALAND DRUGSTORE,ZENAIDA E. VIZCONDE,San Jose,Renewal,Retail / Trade,Drugstore,Sole Proprietorship,,15550,1,1396615,Yearly,7090862,retailer,10000.0,actual
2026,1660,PHILZON'S BAKERY,FELIPE P. VENERACION,San Jose,Renewal,Retail / Trade,Retailer,Sole Proprietorship,,12550,1,277448,Yearly,7096312,retailer,6600.0,actual
2026,0412,PIDLAOAN COMMERCIAL SPACE RENTAL,NAZARIO A. PIDLAOAN,San Jose,Renewal,Retail / Trade,Native Products Retailing,Sole Proprietorship,Female,4650,1,180000,Yearly,7090186,retailer,2700.0,actual
2026,0099,R.C.A. JUNK SHOP,ROLANDO C. ALVAREZ,San Jose,Renewal,Retail / Trade,Buy & Sell,Sole Proprietorship,Male,6550,1,1200,Yearly,6808891,retailer,1000.0,actual
2026,0512,RALIN GLASSWARE,RAFAEL S. SARABUNO,San Jose,Renewal,Retail / Trade,Retailer,Sole Proprietorship,Male,12150,1,568006,Yearly,7090933,retailer,6600.0,actual
2026,0028,ARTEE PACKAGING SUPPLIES TRADING,PRINCES NICOLL P. TENGCO,Sta. Ines,Renewal,Retail / Trade,Retailer,Sole Proprietorship,Female,2450,1,1200,Yearly,6810838,retailer,500.0,actual
2026,0303,REIGN BUILDING RENTAL (SAN JOSE),ANALIZA R. IGNACIO,San Jose,Renewal,Retail / Trade,Rental / Apartment,Sole Proprietorship,Female,8450,1,747652,Yearly,6812188,lessor,6500.0,actual
2026,0656,REYMARIES BREAD,NOLLY E. ADANO,San Jose,Renewal,Retail / Trade,Bakery,Sole Proprietorship,Male,8850,1,280720,Yearly,7091619,retailer,3300.0,actual
2026,1199,REYTHEL SMOKED AND DRIED FISH TRADING,REYMOND M. NATIVIDAD,San Jose,Renewal,Retail / Trade,Dried Fish Retailer,Sole Proprietorship,Male,7400,1,100000,Yearly,7093699,retailer,1850.0,actual
2026,0696,RHODA TUAZON GERONIMO VARIETY STORE,RHODA T. GERONIMO,San Jose,Renewal,Retail / Trade,Variety Store,Sole Proprietorship,Female,5550,1,1,Yearly,7091562,retailer,0.02,needs_review
2026,0694,RMH HOUSECARE AND PERSONAL CARE PRODUCTS TRADING,MARICON M. ROASA,San Jose,Renewal,Retail / Trade,Direct Selling,Sole Proprietorship,Female,9950,1,465200,Yearly,7091560,retailer,4400.0,actual
2026,0265,ROBERT AND LUZ DRESSED CHICKEN,ROBERTO O. TECSON,San Jose,Renewal,Retail / Trade,Retailer,Sole Proprietorship,,7400,1,100000,Yearly,6811742,retailer,1850.0,actual
2026,0417,ROEL MEAT STALL,ROEL M. PINEDA,San Jose,Renewal,Retail / Trade,Meat Retailer,Sole Proprietorship,Male,7728,1,180000,Yearly,7090176,retailer,2178.0,actual
2026,0666,ROLANDO & NORA MEAT STALL,ROLANDO V. SEBASTIAN,San Jose,Renewal,Retail / Trade,Retailer,Sole Proprietorship,Male,7420,1,85000,Yearly,7091607,retailer,1870.0,actual
2026,1624,ROMEO STORE,ROMEO L. GARCIA,San Jose,Renewal,Retail / Trade,Retailer,Sole Proprietorship,Male,6870,1,88500,Yearly,7096264,retailer,1320.0,actual
2026,1887,ROSELLE FISH STORE,ROSELLE MANIEGO ALARZAR,San Jose,Renewal,Retail / Trade,Retailer,Sole Proprietorship,,13800,1,680000,Yearly,7099198,retailer,6600.0,actual
2026,0511,RS SARABUNO PROPERTY RENTAL,RAFAEL S. SARABUNO,San Jose,Renewal,Retail / Trade,Retailer,Sole Proprietorship,Male,7350,1,360000,Yearly,7090934,retailer,5400.0,actual
2026,1552,RUEL'S RTW,RUELITO S. SAN ANTONIO,San Jose,Renewal,Retail / Trade,Retailer,Sole Proprietorship,Male,6870,1,80350,Yearly,7095961,retailer,1320.0,actual
2026,0985,RVM LPG TRADING,AMELIA S. MAÑAOL,San Jose,Renewal,Retail / Trade,Retailer,Sole Proprietorship,Female,6850,1,140210,Yearly,7091874,retailer,2804.2,needs_review
2026,1694,SAN JOSE HARDWARE & GLASSWARE,PAUL VINCENT N. CRUZ,San Jose,Renewal,Retail / Trade,Retailer,Sole Proprietorship,Male,6050,1,98916,Yearly,7096342,retailer,500.0,actual
2026,1693,SAN JOSE VARIETY STORE,GRACE GO. RAMOS,San Jose,Renewal,Retail / Trade,Retailer,Sole Proprietorship,Female,5900,1,114135,Yearly,7096343,retailer,350.0,actual
2026,0930,SAN MIGUEL HARDWARE,NENITA L. GARCIA,San Jose,Renewal,Retail / Trade,Retailer,Sole Proprietorship,Female,8850,1,288030,Yearly,7091781,retailer,3300.0,actual
2026,0537,SUNNY GENERAL MERCHANDISE,CARMELITA S. PAGALA,San Jose,Renewal,Retail / Trade,Retailer,Sole Proprietorship,,9950,1,321375,Yearly,7091191,retailer,4400.0,actual
2026,1776,VALEGAMBOA FISH STALL,VALENTINA G. GRAGASIN,San Jose,Renewal,Retail / Trade,Fish Retailer,Sole Proprietorship,,1100,1,300000,Quarterly,7407733,retailer,1100.0,actual
2026,0569,VAPERS TOWN 3011 VAPE SHOP,RAYMOND P. GONZALES,San Jose,Renewal,Retail / Trade,Retailer,Sole Proprietorship,Male,6870,1,77000,Yearly,7091291,retailer,1320.0,actual
2026,1264,VENNSKAP HARDWARE & CONSTRUCTION SUPPLIES,WENIELYN P. ADRIANO,San Jose,Renewal,Retail / Trade,Const. & Gen. Mdse.,Sole Proprietorship,Female,9800,1,38392.86,Yearly,7094114,retailer,4150.0,actual
2026,1497,VER & AMPY DRESSED CHICKEN  STORE,AMPY A. GARCIA,San Jose,Renewal,Retail / Trade,Retailer,Sole Proprietorship,Female,7970,1,180000,Yearly,7095145,retailer,2420.0,actual
2026,0480,VERON & SUSAN DRESSED CHICKEN STALL,VERONICA SAN GABRIEL KABIGTING,San Jose,Renewal,Retail / Trade,Chicken Retailer,Sole Proprietorship,Female,6870,1,1200,Yearly,7090256,retailer,1320.0,actual
2026,1729,VICENTE & JANETH MEAT SHOP,VICENTE M. CAYETANO,San Jose,Renewal,Retail / Trade,Meat Retailer,Sole Proprietorship,,9550,1,979200,Yearly,7096935,retailer,4000.0,actual
2026,0835,VIDA  AND EDMOND BIGASAN,ANAVIDA D. BALONDO,San Jose,Renewal,Retail / Trade,Retailer,Sole Proprietorship,Female,8850,1,727620,Yearly,7090875,retailer,3300.0,actual
2026,0557,VIRGINIA G. BALONDO RICE DEALER & RETAILER,VIRGINIA G. BALONDO,San Jose,Renewal,Retail / Trade,Retailer,Sole Proprietorship,Female,1950,1,1200,Yearly,7091255,retailer,24.0,needs_review
2026,0000,WILLIAM LPG TRADING,WILLIAM B. BUSTAMANTE,San Jose,Renewal,Retail / Trade,LPG Retailer,Sole Proprietorship,Male,5550,1,50000,Yearly,7092643,retailer,1000.0,needs_review
2026,1735,WILLIAM'S SCHOOL AND OFFICE SUPPLIES,MARICRIS D. LIBUNAO,San Jose,Renewal,Retail / Trade,Retailer,Sole Proprietorship,Female,5550,1,1200,Yearly,7096940,retailer,24.0,needs_review
2026,1514,ALLAINE'S BAKING SUPPLIES,ANGELIE F. DELA CRUZ,Tigpalas,Renewal,Retail / Trade,Retailer,Sole Proprietorship,Female,7970,1,110429,Yearly,7095115,retailer,2420.0,actual
2026,1321,WILSON AND JOANNE SUBA DRESSED CHICKEN AND MEAT STORE STALL #34,JOANNE M. SUBA,San Jose,Renewal,Retail / Trade,Retailer,Sole Proprietorship,Female,8070,1,504000,Yearly,7092644,retailer,2420.0,actual
2026,1702,WIN'S SARI-SARI STORE,WIN L. AMPARO,San Jose,Renewal,Retail / Trade,Sari-sari Store,Sole Proprietorship,Female,6540,1,1200,Yearly,7096905,retailer,990.0,actual
2026,0663,ZALDY & MARISSA MEAT STALL,MARISSA DC BACUAL,San Jose,Renewal,Retail / Trade,Retailer,Sole Proprietorship,Female,6540,1,85000,Yearly,7091604,retailer,990.0,actual
2026,1345,R DE C FOOD KIOSK,ANN CHERYL F. GALVEZ,San Jose,Renewal,Manufacturing,Food Processing,Sole Proprietorship,Female,6870,1,50000,Yearly,7094800,manufacturer,1320.0,actual
2026,1482,4 J'S STALL RENTAL,JUNADESS V. ORTIZ,San Jose,Renewal,Services,Apartment,Sole Proprietorship,,2850,1,60000,Yearly,7094953,lessor,900.0,actual
2026,0752,A.B.A. JEWELRY REPAIR SHOP,ARNY Y. PUNZALAN,San Jose,Renewal,Services,Repair Shop,Sole Proprietorship,Female,7420,1,76500,Yearly,7091551,other,1870.0,actual
2026,1288,ABU WATCH REPAIR SHOP,JOHN CARLO P. ABU,San Jose,Renewal,Services,Repair Shop,Sole Proprietorship,Male,6670,1,80000,Yearly,7093226,other,1320.0,actual
2026,0297,ANALIZA R. REYES PAWNSHOP,ANALIZA R. IGNACIO,San Jose,Renewal,Services,Financial Institution,Sole Proprietorship,Female,9280,1,200000,Yearly,6812182,bank_financial,3630.0,actual
2026,1346,ANGEL & ALELI DRESSED CHICKEN RETAILER,ANGELITO P. SAN JOSE,San Jose,Renewal,Services,Restaurant,Sole Proprietorship,Male,8190,1,180000,Yearly,7094991,food_beverage,2640.0,actual
2026,0472,ARLENE DAZAL SPACE RENTAL,RONALYN D. AYRAN,San Jose,Renewal,Services,Rentals,Sole Proprietorship,Female,3750,1,120000,Yearly,7090268,lessor,1800.0,actual
2026,0783,ARMEL PUNZALAN HAIR REBONDING CENTER (SAN JOSE),ARMEL C. PUNZALAN,San Jose,Renewal,Services,Beauty Parlor,Sole Proprietorship,,5070,1,85000,Yearly,7091473,other,1320.0,actual
2026,2028,B.V. LIBUNAO BUILDING,BERNARD V. LIBUNAO,San Jose,Renewal,Services,Rentals,Sole Proprietorship,Male,1950,1,1200,Yearly,7410784,lessor,18.0,needs_review
2026,1380,BABY'S BEAUTY PARLOR,VIRGINIA F. SULIT,San Jose,Renewal,Services,Beauty Parlor,Sole Proprietorship,Female,3725,1,27840,Yearly,7093849,other,275.0,actual
2026,1258,BENJAMIN SILVERIO BUILDING RENTAL,JOHN PAUL D. SILVERIO,San Jose,Renewal,Services,Rentals,Sole Proprietorship,Male,2950,1,1200,Yearly,7093826,lessor,1000.0,actual
2026,0310,EYEMART VISION-CARE OPTOMETRIC CLINIC,MIGUEL JOSHUA T. ESPINOZA,San Jose,Renewal,Services,Optical Shop,Sole Proprietorship,Male,4980,1,234882,Yearly,6811824,other,1530.0,actual
2026,0037,FLN TRUCKING SERVICES,ROLANDO I. CALBAY,San Jose,Renewal,Services,Trucking,Sole Proprietorship,Male,10170,1,502300,Yearly,6810914,other,4620.0,actual
2026,0984,FUNERARIA SAN MIGUEL,AMELIA S. MAÑAOL,San Jose,Renewal,Services,Funeral Service,Sole Proprietorship,Female,16400,1,533105,Yearly,7091873,other,9250.0,actual
2026,0259,GAZERCHIDS BUSINESS CENTER,ERIKA Q. RANCHES,San Jose,Renewal,Services,Rentals,Sole Proprietorship,Female,9150,1,480000,Yearly,6810910,lessor,7200.0,actual
2026,0301,IGNACIO'S PAWNSHOP,RANDY S. IGNACIO,San Jose,Renewal,Services,Pawnshop,Sole Proprietorship,Male,8190,1,150000,Yearly,6812189,bank_financial,2640.0,actual
2026,0206,J.C. TANAKA BUILDING,JOSE C. TANAKA,San Jose,Renewal,Services,Apartment,Sole Proprietorship,Male,7350,1,360000,Yearly,6810809,lessor,5400.0,actual
2026,0256,JOEY & TABA CANTEEN,JOSELITO S. LEGASPI,San Jose,Renewal,Services,Canteen,Sole Proprietorship,Male,9000,1,300000,Yearly,6810938,food_beverage,3150.0,actual
2026,0978,JPC PROPERTY RENTAL (SAN JOSE),JUAN PAOLO M. CRUZ,San Jose,Renewal,Services,Commercial Space  Rental,Sole Proprietorship,Male,5850,1,396900,Yearly,7091866,lessor,3900.0,actual
2026,0821,LESLIE HAIR SALON,LESLIE ANN L. PUNZALAN,San Jose,Renewal,Services,Salon,Sole Proprietorship,Female,6870,1,84000,Yearly,7090950,other,1320.0,actual
2026,0526,LNBS SPACE RENTAL,LUZVIMINDA B. SALVADOR,San Jose,Renewal,Services,Apartment,Sole Proprietorship,Female,3950,1,200000,Yearly,7091162,lessor,2000.0,actual
2026,1738,LUCKY DRAGON TRUCKING SERVICES,MARICEL LEGASPI REYES,San Jose,Renewal,Services,Trucking,Sole Proprietorship,Female,40750,1,11040000,Yearly,7096946,other,35200.0,actual
2026,0401,MANG ART'S  APPLIANCE SERVICES CENTER,BELEN M. YUMANG,San Jose,Renewal,Services,Repair Shop,Sole Proprietorship,Female,6530,1,58000,Yearly,6812464,other,880.0,actual
2026,1686,MANIQUIS SPACE RENTAL,JOSEPHINE S. MANIQIUIS,San Jose,Renewal,Services,Rentals,Sole Proprietorship,Female,2450,1,1200,Yearly,7096326,lessor,500.0,actual
2026,1233,MARIE & TIN SALON,ROSEMARIE U. ALIANGAN,San Jose,Renewal,Services,Salon,Sole Proprietorship,,5070,1,42500,Yearly,7092433,other,1320.0,actual
2026,0364,MAXXI TRUCKING,EMMANUEL P. OCAMPO,San Jose,Renewal,Services,Trucking,Sole Proprietorship,Male,9000,1,1200,Yearly,7090174,other,3350.0,actual
2026,1606,MIGUELA GONZALES VIUDEZ (MGV) SPACE RENTAL,MIGUELA G. VIUDEZ,San Jose,Renewal,Services,Rentals,Sole Proprietorship,Female,2950,1,360000,Yearly,7093376,lessor,1000.0,actual
2026,1250,MISS V AESTHETIC AND WELLNESS CLINIC,MA OLIVIA O. LEANO,San Jose,Renewal,Services,Clinic,Sole Proprietorship,Female,4330,1,53000,Yearly,7092422,other,880.0,actual
2026,0190,NGB MR CELLPHONE REPAIR SHOP,ADRAMI M. MAMBUAY,San Jose,Renewal,Services,Cellphone Repair Shop,Sole Proprietorship,,6430,1,50000,Yearly,6808895,other,880.0,actual
2026,0861,NSCF PROPERTY RENTAL,IRENE A. FERMINDOZA,San Jose,Renewal,Services,Recreation,Sole Proprietorship,,6950,1,1200,Yearly,7092615,amusement,15.0,needs_review
2026,0788,PAULO LOPEZ GOTO HOUSE (SAN JOSE),PAULO L. LOPEZ,San Jose,Renewal,Services,Eatery,Sole Proprietorship,Male,7128.2,1,172820,Yearly,7091471,food_beverage,1278.2,actual
2026,0601,PAYAWAL SIZZLING HOUSE,EDWARD C. PAYAWAL,San Jose,Renewal,Services,Restaurant,Sole Proprietorship,Male,10650,1,720000,Yearly,7092408,food_beverage,4600.0,actual
2026,1034,R.M.E. BUILDING I,ESMELINDA M. EVANGELISTA,San Jose,Renewal,Services,Rentals,Sole Proprietorship,,9750,1,780000,Yearly,7091891,lessor,7800.0,actual
2026,1154,RQD'S WEDDING GOWNS,RHODORA Q. GATUS,San Jose,Renewal,Services,Modiste,Sole Proprietorship,,5430,1,100000,Yearly,7092107,other,1980.0,actual
2026,0850,SAN MIGUEL TAEKWONDO TRAINING CENTER,LUZVIMINDA D. TAMIO,San Jose,Renewal,Services,Training School,Sole Proprietorship,Female,7530,1,100000,Yearly,7091774,other,1980.0,actual
2026,0775,SHARA PACHECO BEAUTY AND WELLNESS PRODUCTS SHOP,SHARA MAY G. PACHECO,San Jose,Renewal,Services,Beauty Center,Sole Proprietorship,Male,8190,1,172539,Yearly,7091455,other,2640.0,actual
2026,0382,SIDDIEZEN WELLNESS CENTER,LENNIE D. CENTENO,San Jose,Renewal,Services,Salon,Sole Proprietorship,,7730,1,126647,Yearly,6812397,other,1980.0,actual
2026,1524,SKIN2.0 BEAUTY LOUNGE,MICHELLE P. LAZARO,San Jose,Renewal,Services,Beauty Center,Sole Proprietorship,Female,6090,1,184600,Yearly,7095102,other,2640.0,actual
2026,0868,STA LUCIA MEDICAL LABORATORY,SHIRLEY  S. DELA CRUZ,San Jose,Renewal,Services,Medical Clinic,Sole Proprietorship,Female,7270,1,283215,Yearly,7092395,other,1620.0,actual
2026,1270,SUSAN'S PARLOR,SUSANA  V. SARMIENTO,San Jose,Renewal,Services,Beauty Parlor,Sole Proprietorship,Female,5430,1,240000,Yearly,7093250,other,1980.0,actual
2026,1778,TECSON APARTMENT AND COMMERCIAL SPACE RENTAL,VIRGINIA GRECIL U. TECSON,San Jose,Renewal,Services,Rentals,Sole Proprietorship,Female,23171,1,1200,Yearly,6810917,lessor,22221.0,actual
2026,0271,TERMINEZ APARTMENT,FATIMA DP. TERMINEZ,San Jose,Renewal,Services,Rentals,Sole Proprietorship,Female,3930,1,132000,Yearly,6811745,lessor,1980.0,actual
2026,0321,THELMA'S PROPERTY LEASING 1,TERESITA S. JOSE,San Jose,Renewal,Services,Rentals,Sole Proprietorship,Female,13650,1,1856190,Yearly,6812151,lessor,11700.0,actual
2026,0193,TOMAS VILLASEÑOR DIAGNOSTIC LABORATORY,TOMAS D. VILLASEÑOR,San Jose,Renewal,Services,Medical Clinic,Sole Proprietorship,,9180,1,204966.67,Yearly,6808880,other,3630.0,actual
2026,0254,ZERJAY CUISINE,JAYZER L. LEGASPI,San Jose,Renewal,Services,Canteen,Sole Proprietorship,Male,10000,1,500000,Yearly,6810937,food_beverage,3950.0,actual
2026,0185,3A SJ SMB PROPERTY RENTAL,APRIL FATIMA J. HERNANDEZ,San Jose,Renewal,Real Estate,Space Rental,Sole Proprietorship,,4950,1,336000,Yearly,7093663,lessor,3000.0,actual
2026,0803,A.P. REYES LEASING 1,AMELIA P. REYES,San Jose,Renewal,Real Estate,Space Rental,Sole Proprietorship,Female,18840,1,2292000,Yearly,7090257,lessor,16890.0,actual
2026,0804,A.P. REYES LEASING 2,AMELIA P. REYES,San Jose,Renewal,Real Estate,Leasing,Sole Proprietorship,Female,24870,1,1569.04,Yearly,7090258,lessor,22920.0,actual
2026,1294,ATHENA'S PROPERTY RENTAL( SAN JOSE),MYLINE P. OCAMPO,San Jose,Renewal,Real Estate,Leasing,Sole Proprietorship,Female,4450,1,252000,Yearly,7094773,lessor,2500.0,actual
2026,0746,DELROY PAVILION RECREATION CENTER,MANUEL I. ABLOLA,San Jose,Renewal,Real Estate,Venue,Sole Proprietorship,Male,6825,1,87000,Yearly,7091646,lessor,1175.0,actual
2026,1498,HERMEND PROPERTY MANAGEMENT SERVICES,ELIZABETH H. MENDOZA,San Jose,Renewal,Real Estate,Leasing,Sole Proprietorship,Female,16867.94,1,994529.4,Yearly,7095144,lessor,14917.94,actual
2026,1502,IRENEO PRONUEVO SPACE RENTAL,IRENEO P. PRONUEVO,San Jose,Renewal,Real Estate,Space Rental,Sole Proprietorship,Female,3450,1,418000,Yearly,7095139,lessor,1500.0,actual
2026,0258,JC.LP COMMERCIAL UNIT LEASING,JOHN CARLO L. PEREZ,San Jose,Renewal,Real Estate,Leasing,Sole Proprietorship,Male,10590,1,576000,Yearly,6810913,lessor,8640.0,actual
2026,0931,LIBUNAO'S SPACE RENTAL,ROMULO M. LIBUNAO,San Jose,Renewal,Real Estate,Space Rental,Sole Proprietorship,Male,3950,1,204000,Yearly,7091780,lessor,2000.0,actual
2026,0440,MARIANO C. MENDOZA PROPRETY LEASING,MARIANO C. MENDOZA,San Jose,Renewal,Real Estate,Leasing,Sole Proprietorship,Male,9350,1,840000,Yearly,6812379,lessor,8400.0,actual
2026,0075,MVD PARKING - SAN JOSE,VIVIAN M. DAZON,San Jose,Renewal,Real Estate,Leasing,Sole Proprietorship,Female,1950,1,100000,Yearly,6812361,lessor,1500.0,needs_review
2026,1300,MYMEL PROPERTY LEASING,MELISSA O. TRINIDAD,San Jose,Renewal,Real Estate,Leasing,Sole Proprietorship,Female,4590,1,1200,Yearly,7092631,lessor,2640.0,actual
2026,0300,R & L BUILDING RENTAL,RANDY S. IGNACIO,San Jose,Renewal,Real Estate,Space Rental,Sole Proprietorship,Male,6350,1,132541,Yearly,6812190,lessor,4400.0,actual
2026,0927,ROLANDO-AURORA APARTMENT,AURORA AQUINO SEMPIO,San Jose,Renewal,Real Estate,Villapina Apartment,Sole Proprietorship,Female,8325,1,2013753,Yearly,7091790,lessor,2625.0,actual
2026,0330,THELMA'S PROPERTY LEASING 2,TERESITA S. JOSE,San Jose,Renewal,Real Estate,Leasing,Sole Proprietorship,Female,12750,1,1856190,Yearly,6812152,lessor,10800.0,actual
2026,1704,ZL GATCHALIAN COMMERCIAL BUILDING,SARAH JANE D. GATCHALIAN,San Jose,Renewal,Real Estate,Space Rental,Sole Proprietorship,Female,2950,1,1200,Yearly,7096907,lessor,1000.0,actual
2026,0308,AQUATELS WATER REFILLING STATION,WINNIE S. DOMINGO,San Juan,Renewal,Retail / Trade,Water Refilling Station,Sole Proprietorship,Female,7970,1,158406,Yearly,6808889,retailer,2420.0,actual
2026,1856,CARLJANZEN WATER REFILLING STATION,KRISSEN JOY B. TANDAS,San Juan,Renewal,Retail / Trade,Retailer,Sole Proprietorship,,9675,1,288000,Yearly,7098166,retailer,3300.0,actual
2026,0038,CHRISTIAN-ANGIE LPG TRADING,CHRISTIAN ANTHONY A. ALFARO,San Juan,Renewal,Retail / Trade,LPG Retailer,Sole Proprietorship,Male,5650,1,59110,Yearly,6810908,retailer,1182.2,needs_review
2026,1493,CONNIE'S LECHON AND KAINAN,SERGIO P. MALLARE,San Juan,Renewal,Retail / Trade,Retailer,Sole Proprietorship,Male,8800,1,120000,Yearly,7095150,retailer,3050.0,actual
2026,0183,DHANA'S RICE RETAILING,SHIELA N.CORTEZ,San Juan,Renewal,Retail / Trade,Rice Retailer,Sole Proprietorship,Female,7200,1,232085,Yearly,6808864,retailer,1650.0,actual
2026,1230,EDGAR MOTORCYCLE PARTS AND ACCESSORIES TRADING,EDGAR M. LIBUNAO,San Juan,Renewal,Retail / Trade,Motor Cycle Parts,Sole Proprietorship,Male,11810,1,150000,Yearly,7092430,retailer,6160.0,actual
2026,1449,ETR FOOD SERVICE,JOEL T. RUSTIA,San Juan,Renewal,Retail / Trade,Retailer,Sole Proprietorship,,6870,1,89050,Yearly,7094767,retailer,1320.0,actual
2026,1590,FOR TREATED ONLINE SHOP,ELMER N. SUAREZ,San Juan,Renewal,Retail / Trade,Retailer,Sole Proprietorship,Female,3800,1,143477,Yearly,7093835,retailer,1850.0,actual
2026,0547,IKING'S SARI-SARI STORE l,ENRIQUE L. LIGON,San Juan,Renewal,Retail / Trade,Sari-sari Store,Sole Proprietorship,Male,9950,1,356578,Yearly,7091190,retailer,4400.0,actual
2026,0870,INANG ENYANG'S ELEVEN FOURTEEN SWEET CANDIES,RICARDO M. SANTOS,San Juan,Renewal,Retail / Trade,Retailer,Sole Proprietorship,Male,21630.71,1,3036141.97,Yearly,7092393,retailer,15180.71,actual
2026,1174,JANINE SARI-SARI STORE,JANINE KIMBERLY T. IGNACIO,San Juan,Renewal,Retail / Trade,Sari-sari Store,Sole Proprietorship,,7050,1,248310,Yearly,7093660,retailer,3300.0,actual
2026,0573,KARROLL JANE DRUGSTORE,KARROLL JANE C. CRUZ,San Juan,Renewal,Retail / Trade,Drugstore,Sole Proprietorship,Female,7400,1,123230,Yearly,7090300,retailer,1850.0,actual
2026,2016,KUYANG JHAREN'S SARI-SARI STORE,CEFERINO TABILOS SABADO JR.,San Juan,Renewal,Retail / Trade,Sari-sari Store,Sole Proprietorship,Male,5962.5,1,20500,Yearly,7410771,retailer,330.0,actual
2026,0020,MARJORIE BURGER STALL,MARGIE B. CASTRO,San Juan,Renewal,Retail / Trade,Burger Stand,Sole Proprietorship,Male,6638.7,1,153870,Yearly,7094136,food_beverage,1088.7,actual
2026,0778,METROTOWN SCHOOL & OFFICE SUPPLY,PRISCILA D. CANDELARIO,San Juan,Renewal,Retail / Trade,Retailer,Sole Proprietorship,Female,10350,1,386302,Yearly,7091454,retailer,4400.0,actual
2026,0163,MR. SUAVE NATIVE PORK CHICHARON,OLIVIA  F. DELA PAZ,San Juan,Renewal,Retail / Trade,Retailer,Sole Proprietorship,Female,7900,1,109012,Yearly,6808875,retailer,1850.0,actual
2026,1744,NEW DIVERGENT MEDICAL SUPPLIES INC. (WAREHOUSE),NEW DIVERGENT MEDICAL SUPPLIES INC.,San Juan,Renewal,Retail / Trade,Wholesaler Medical Supplies,Sole Proprietorship,,5550,1,1200,Yearly,7097104,other,5,needs_review
2026,1525,MA'AM MARLENE'S HOUSE RENTAL,MARLENE BITUWIN DIZON,Sta. Rita Matanda,Renewal,Real Estate,Space Rental,Sole Proprietorship,Female,5550,1,240000,Yearly,7094980,lessor,3600.0,actual
2026,0922,RM LAZARO ENTERPRISES,RAYMUND M. LAZARO,San Juan,Renewal,Retail / Trade,Retailer,Sole Proprietorship,Male,16050,1,1039878,Yearly,7091881,retailer,10000.0,actual
2026,0057,RONALD'S LPG STORE,RONALD C. DELA CRUZ,San Juan,Renewal,Retail / Trade,LPG Retailer,Sole Proprietorship,Male,5550,1,36900,Yearly,7091288,retailer,738.0,needs_review
2026,0064,RONALD'S WATER REFILLING STATION,RONALD C. DELA CRUZ,San Juan,Renewal,Retail / Trade,Refilling Station,Sole Proprietorship,Male,5990,1,36900,Yearly,7091287,retailer,440.0,actual
2026,0777,S.M.B. LIAN GENERAL MERCHANDISE,MENANDRO B. DOMINGO,San Juan,Renewal,Retail / Trade,General Merchandise,Sole Proprietorship,Male,8850,1,245300,Yearly,7091453,retailer,3300.0,actual
2026,1720,SHAN S PIZZA HOUSE,RENIER P. DIONISIO,San Juan,Renewal,Retail / Trade,Retailer,Sole Proprietorship,Male,6650,1,69000,Yearly,7096923,retailer,1100.0,actual
2026,1575,TABLERIA DE SAN MIGUEL HARDWARE & CONSTRUCTION SUPPLIES,FRANCIS ROYCE B. PARADO,San Juan,Renewal,Retail / Trade,Hardware,Sole Proprietorship,Male,15850,1,1614109,Yearly,7095980,retailer,10000.0,actual
2026,0998,TONGSON'S APARTMENT,MELANIE L. TONGSON,San Juan,Renewal,Retail / Trade,Rental / Apartment,Sole Proprietorship,,9300,1,244000,Yearly,7091625,lessor,2100.0,actual
2026,0116,YUSUKE WATER REFILLING STATION,JESSICA A. CRUZ,San Juan,Renewal,Retail / Trade,Water Refilling Station,Sole Proprietorship,Female,6540,1,53500,Yearly,7090181,retailer,990.0,actual
2026,0600,DODONG'S WOOD FURNITURE MANUFACTURING,LEONARDO G. HOYLAR,San Juan,Renewal,Manufacturing,Wood Craft,Sole Proprietorship,,7750,1,100000,Yearly,7092403,manufacturer,2200.0,actual
2026,0243,ASR TRUCKING SERVICES,JOANA RESA A. FRANCISCO,San Juan,Renewal,Services,Trucking,Sole Proprietorship,Female,7530,1,107080,Yearly,6810932,other,1980.0,actual
2026,1785,BREEDING - SAN ANTONIO TRUCKING,ROMINA B. SAN ANTONIO,San Juan,Renewal,Services,Trucking,Sole Proprietorship,Female,5550,1,1200,Yearly,7414638,other,5,needs_review
2026,0669,C. MANIQUIS SPACE RENTAL,CRISTINA L. MANIQUIS,San Juan,Renewal,Services,Rentals,Sole Proprietorship,Female,4790,1,384000,Yearly,7091638,lessor,3840.0,actual
2026,1253,CAFE LUCIO ALPHAEUS,LIRIO C. ADVINCULA,San Juan,Renewal,Services,Coffee Shop and Restaurant,Sole Proprietorship,Female,7070,1,80100,Yearly,7092418,food_beverage,1320.0,actual
2026,0316,DC6 ENGINEERING SERVICES,JEFFREY E. ESPERIDA,San Juan,Renewal,Services,Contractor,Sole Proprietorship,Male,5680,1,100000,Yearly,6811821,contractor,1980.0,actual
2026,0738,ELEGANT EVENTS PLACE & CATERING SERVICES,CHARLENE MAE N. DELA CRUZ,San Juan,Renewal,Services,Catering,Sole Proprietorship,Female,8690,1,164000,Yearly,7090868,food_beverage,2640.0,actual
2026,0871,ELEVEN FOURTEEN TRUCKING SERVICES,RICARDO M. SANTOS,San Juan,Renewal,Services,Trucking,Sole Proprietorship,Male,22630.71,1,3036141.97,Yearly,7092394,other,16180.71,actual
2026,0671,F. MANIQUIS PROPERTY LEASING,FRANCISCO L. MANIQUIS,San Juan,Renewal,Services,Rentals,Sole Proprietorship,Male,5550,1,360000,Yearly,7091639,lessor,3600.0,actual
2026,0434,FRLV APARTMENT,ROSALIA L. LIGON,San Juan,Renewal,Services,Rentals,Sole Proprietorship,Female,7700,1,180000,Yearly,6812384,lessor,3150.0,actual
2026,0387,GGY DELIVERY SERVICES,GIL G. YAMBOT,San Juan,Renewal,Services,Trucking,Sole Proprietorship,Male,9280,1,228392.5,Yearly,6812373,other,3630.0,actual
2026,1561,GREEN.KITCHEN FOOD HUB,MALJORIEY M. GOYENA,San Juan,Renewal,Services,Restaurant,Sole Proprietorship,Female,6804,1,336330,Yearly,7093651,food_beverage,1254.0,actual
2026,0372,JAGS KITCHENETTE,GLEMHYLL B. RALLOS,San Juan,Renewal,Services,Restaurant,Sole Proprietorship,Female,7736.87,1,250950,Yearly,6812469,food_beverage,2186.87,actual
2026,1054,JHAYLYN S PELAYO CONSTRUCTION SERVICES,JHALYN S. PELAYO,San Juan,Renewal,Services,Construction,Sole Proprietorship,Female,12450,1,310860,Yearly,7092219,contractor,5500.0,actual
2026,1190,JROSE GUTIERREZ TRUCKING SERVICES,JEFRIL SAN PEDRO GUTIERREZ,San Juan,Renewal,Services,Trucking,Sole Proprietorship,Male,8170,1,190330,Yearly,7093683,other,2620.0,actual
2026,1647,M.D.C  SANTOS APARTMENT,MARIETTA DC. SANTOS,San Juan,Renewal,Services,Apartment,Sole Proprietorship,Female,3150,1,60000,Yearly,7096295,lessor,1200.0,actual
2026,1117,MARY SKIN CARE CLINIC,MARY JOY G. CAPALA,San Juan,Renewal,Services,Clinic,Sole Proprietorship,Female,5530,1,80000,Yearly,7092443,other,1980.0,actual
2026,0208,MDR FAJAMOLIN'S SPACE RENTAL,MA. DOLORES R. FAJAMOLIN,San Juan,Renewal,Services,Rentals,Sole Proprietorship,Female,2750,1,90000,Yearly,6810847,lessor,1800.0,actual
2026,0699,MICHELLE CULALA BUSINESS CONSULTANCY SERVICES,MICHELLE C. CULALA,San Juan,Renewal,Services,Bookkeeping and Auditing,Sole Proprietorship,Female,14750,1,1250000,Yearly,7091572,other,11000.0,actual
2026,0862,NCPALOMO CONSTRUCTION,NESTOR C. PALOMO,San Juan,Renewal,Services,Construction,Sole Proprietorship,Male,5650,1,1200,Yearly,7092611,contractor,27.5,needs_review
2026,1536,NGB FOOD AND BEVERAGE STORE,NICKO G. BUENAVENTURA,San Juan,Renewal,Services,Coffee Shop and Restaurant,Sole Proprietorship,Male,11323.93,1,518262,Yearly,7095956,food_beverage,5573.93,actual
2026,0782,PAULO LOPEZ GOTO HOUSE (SAN JUAN),PAULO L. LOPEZ,San Juan,Renewal,Services,Goto Stand,Sole Proprietorship,Male,10078.62,1,414290,Yearly,7091472,food_beverage,4228.62,actual
2026,1894,PET TRUCKING SERVICES,RONETH V TAGUDAR,San Juan,Renewal,Services,Trucking,Sole Proprietorship,Male,32580.01,1,6228802.39,Yearly,7406008,other,21144.01,actual
2026,1254,PRINTFLASH GRAPHIC DESIGN SERVICES,RAMSEL QUILES DUGAN,San Juan,Renewal,Services,Printing Services,Sole Proprietorship,,8190,1,190075.75,Yearly,7092419,other,2640.0,actual
2026,0317,RYAN DOCS & ACCOUNTING SERVICES,RYAN SJ. LIBUNAO,San Juan,Renewal,Services,Bookkeeping and Auditing,Sole Proprietorship,Male,5730,1,184200,Yearly,6811822,other,1980.0,actual
2026,1368,STARCHRIS SPORTSWEAR CENTER,CHRISTOPHER O. LIGON,San Juan,Renewal,Services,Tailoring,Sole Proprietorship,Male,4770,1,76000,Yearly,7093812,other,1320.0,actual
2026,0999,TONGSON SPACE RENTAL,JOSE RENAN R. TONGSON,San Juan,Renewal,Services,Rentals,Sole Proprietorship,Male,3840,1,126000,Yearly,7091626,lessor,1890.0,actual
2026,0637,3M2G COMMERCIAL BLDG.,GINA A. DAZAL,San Juan,Renewal,Real Estate,Space Rental,Sole Proprietorship,Female,2950,1,60000,Yearly,7091853,lessor,1000.0,actual
2026,0070,ASJ BUILDING RENTAL,JANE O. SAN JUAN,San Juan,Renewal,Real Estate,Space Rental,Sole Proprietorship,Female,12291.6,1,889440,Yearly,6812197,lessor,11341.6,actual
2026,0670,C.L. MANIQUIS SPACE RENTAL,CRESCENCIO L. MANIQUIS,San Juan,Renewal,Real Estate,Space Rental,Sole Proprietorship,Male,3870,1,192000,Yearly,7091637,lessor,1920.0,actual
2026,1648,M.C.S. SPACE RENTAL,MARIETTA DC. SANTOS,San Juan,Renewal,Real Estate,Space Rental,Sole Proprietorship,Female,3150,1,120000,Yearly,7096294,lessor,1200.0,actual
2026,0704,MILA SPACE RENTAL,JOSEPHINE L. BERMUNDO,San Juan,Renewal,Real Estate,Space Rental,Sole Proprietorship,Female,3750,1,120000,Yearly,7091555,lessor,1800.0,actual
2026,1187,MVD RENTALS (SAN JUAN),VIVIAN M. DAZON,San Juan,Renewal,Real Estate,Space Rental,Sole Proprietorship,Female,6750,1,1200,Yearly,7093681,lessor,4800.0,actual
2026,0181,RRN COMMERCIAL BUILDING,CEZAR R. NAVARRO,San Juan,Renewal,Real Estate,Leasing,Sole Proprietorship,Male,4731,1,185400,Yearly,6808865,lessor,2781.0,actual
2026,0500,ZURC BUILDING RENTAL,KARROLL JANE C. CRUZ,San Juan,Renewal,Real Estate,Space Rental,Sole Proprietorship,Female,7890,1,135000,Yearly,7090851,lessor,4440.0,actual
2026,1620,BLISSFUL DROP WATER REFILLING STATION,ROSARIO G. VALEÑA,San Vicente,Renewal,Retail / Trade,Refilling Station,Sole Proprietorship,Female,8850,1,310020,Yearly,7096273,retailer,3300.0,actual
2026,0499,CJMS GENERAL MERCHANDISE,CHARLIE C. FRANCISCO,San Vicente,Renewal,Retail / Trade,Retailer,Sole Proprietorship,Male,9950,1,383466.1,Yearly,7090279,retailer,4400.0,actual
2026,0942,DIGNA'S RICE AND PALAY TRADING,MA. DIGNA S. CALIWAG,San Vicente,Renewal,Retail / Trade,Retailer,Sole Proprietorship,,7970,1,175000,Yearly,6810807,retailer,2420.0,actual
2026,0467,GCG GAS FILLING STATION,DANIEL A. GALVEZ,San Vicente,Renewal,Retail / Trade,Retailer,Sole Proprietorship,Male,6165.9,1,31590,Yearly,7090902,retailer,315.9,actual
2026,1718,GONZALES HOME MADE PASTILLAS,ROSANA F. GONZALES,San Vicente,Renewal,Retail / Trade,Retailer,Sole Proprietorship,Female,12150,1,517940,Yearly,7096911,retailer,6600.0,actual
2026,0710,INTERSAVE SARI-SARI STORE,RONALDO C. SANTOS,San Vicente,Renewal,Retail / Trade,Sari-sari Store,Sole Proprietorship,Male,4190,1,27950,Yearly,7092250,retailer,440.0,actual
2026,1360,JAY CELL PHONE SHOP,TEODORO I. GARCES JR.,San Vicente,Renewal,Retail / Trade,Cellphone & Access. Retailer,Sole Proprietorship,,5300,1,120000,Yearly,7093848,retailer,1850.0,actual
2026,1354,JOYRON JUNKSHOP,MARY JOYBELLE D. GANGE,San Vicente,Renewal,Retail / Trade,Junkshop,Sole Proprietorship,Female,6210,1,44360,Yearly,7093828,other,660.0,actual
2026,1297,LEONORA PRINCIPIO STORE,LEONORA M. PRINCIPIO,San Vicente,Renewal,Retail / Trade,Retailer,Sole Proprietorship,Female,7380,1,70000,Yearly,7092628,retailer,3630.0,actual
2026,1377,M & R GROCERY,MARIA S. BOHNE,San Vicente,Renewal,Retail / Trade,Grocery,Sole Proprietorship,Female,9050,1,295350,Yearly,7094106,retailer,3300.0,actual
2026,0058,MARGARITO MRMS TRADING,MARY ANN M. MALLORCA,San Vicente,Renewal,Retail / Trade,Retailer,Sole Proprietorship,Female,7970,1,191011,Yearly,7094974,retailer,2420.0,actual
2026,1385,NEVOJ VARIETY STORE,JOVEN V. TUAZON,San Vicente,Renewal,Retail / Trade,Variety Store,Sole Proprietorship,Male,8520,1,219735,Yearly,7093822,retailer,2970.0,actual
2026,1005,PAYAWAL LUMBER AND GENERAL MERCHANDISE,EDUARDO L. PAYAWAL,San Vicente,Renewal,Retail / Trade,Retailer,Sole Proprietorship,Male,49443.99,1,8698798,Yearly,7091786,retailer,43493.99,actual
2026,0276,RISING UP CONSTRUCTION SUPPLIES TRADING,MICHAEL S. TAN,San Vicente,Renewal,Retail / Trade,Hardware,Sole Proprietorship,Male,10050,1,305560,Yearly,6811727,retailer,4400.0,actual
2026,1313,ROYALLE CONSUMER GOODS TRADING,JERRELL ROY S. LIBUNAO,San Vicente,Renewal,Retail / Trade,Retailer,Sole Proprietorship,Male,7150,1,637335,Yearly,7094797,retailer,1600.0,actual
2026,0226,SAN VICENTE TRADING,BETTY LI SY,San Vicente,Renewal,Retail / Trade,Retailer,Sole Proprietorship,Female,10350,1,358353.1,Yearly,6810845,retailer,4400.0,actual
2026,1987,TA NENE BAKERY,MARICEL B. TUAZON,San Vicente,Renewal,Retail / Trade,Bakery,Sole Proprietorship,,6787.5,1,50000,Yearly,7409786,retailer,990.0,actual
2026,0109,THREE KCB PALAY AND RICE DEALER                                           (WAREHOUSE STORAGE/OFFICE),JOSEPHINE C. BUAN,San Vicente,Renewal,Retail / Trade,Rice and Palay Trading,Sole Proprietorship,Female,6540,1,53260,Yearly,7090931,retailer,990.0,actual
2026,0110,TOKOROA RICE TRADING,KRISTINE C. BUAN,San Vicente,Renewal,Retail / Trade,Rice and Palay Trading,Sole Proprietorship,Female,5880,1,20750,Yearly,7090932,retailer,330.0,actual
2026,0493,CCDS BUILDING RENTAL,CYNTHIA DD SEVILLA,San Vicente,Renewal,Services,Apartment,Sole Proprietorship,Female,7550,1,135000,Yearly,7090198,lessor,3600.0,actual
2026,0562,CHARLES EDWARD I. DAVID LESSOR                                          RESIDENTIAL APARTMENT RENTAL,CHARLES EDWARD I. DAVID,San Vicente,Renewal,Services,Rentals,Sole Proprietorship,Male,15450,1,300000,Yearly,7091252,lessor,13500.0,actual
2026,1281,GIL-MAR TRANSPORT SERVICES,GILBERT D. DE CASTRO,San Vicente,Renewal,Services,Transport Services,Sole Proprietorship,Male,9900,1,438392.86,Yearly,7094758,other,4250.0,actual
2026,1035,JENSEN SANTOS TRADING,JENSEN C. SANTOS,San Vicente,Renewal,Services,Trucking,Sole Proprietorship,,25732.54,1,3836508,Yearly,7092068,other,20182.54,actual
2026,0965,JERICHO SANTOS COMPUTER REPAIR AND PRINTING SHOP,JERICHO V. SANTOS,San Vicente,Renewal,Services,Repair Shop,Sole Proprietorship,Male,10570,1,348117.66,Yearly,7092100,other,4620.0,actual
2026,1731,LIEZL P. SANTOS KTV BAR,LIEZL PERALTA SANTOS,San Vicente,Renewal,Services,Restaurant,Sole Proprietorship,Female,12150,1,1344000,Yearly,7096937,food_beverage,6000.0,actual
2026,0681,M. MAGTALAS TRUCKING,MELENCIO P. MAGTALAS,San Vicente,Renewal,Services,Trucking,Sole Proprietorship,Male,14700,1,425787.6,Yearly,7091486,other,8250.0,actual
2026,1063,MESHACH CAR AIRCON REPAIR SERVICES,JESSICA ZAFRA PELAYO,San Vicente,Renewal,Services,Car Aircon Repair,Sole Proprietorship,Female,6100,1,1500,Yearly,7092243,other,550.0,actual
2026,0352,NALOY ADNALOY COMMERCIAL LOT RENTAL,YOLANDA VILLEGAS TUAZON,San Vicente,Renewal,Services,Rentals,Sole Proprietorship,Female,6750,1,480000,Yearly,6812359,lessor,4800.0,actual
2026,1042,NAYSWAN NETWORK AND DATA SOLUTION,NELSON D. ROBLES,San Vicente,Renewal,Services,Installation / Repair Maintenance,Sole Proprietorship,Male,28460.02,1,4382004,Yearly,7092206,other,22910.02,actual
2026,1730,PABLO'S RESTAURANT,LIEZL PERALTA SANTOS,San Vicente,Renewal,Services,Restaurant,Sole Proprietorship,Female,16455,1,1344000,Yearly,7096938,food_beverage,10305.0,actual
2026,0431,PJAR COTTAGES AND RESORT,PETER JOHN A. RAMOS,San Vicente,Renewal,Services,Resort,Sole Proprietorship,Male,13610,1,391782.14,Yearly,6812369,amusement,6160.0,actual
2026,1314,ROYALLE DIAMANTS PRINTING PRESS,DIZARELLE S. LIBUNAO,San Vicente,Renewal,Services,Printing Services,Sole Proprietorship,Female,10550,1,1993856,Yearly,7094796,other,5000.0,actual
2026,0470,FJL COMMERCIAL STALLS RENTALS,"MAXIMO C. FRANCISCO JR,",San Vicente,Renewal,Real Estate,Space Rental,Sole Proprietorship,,4100,1,144000,Yearly,7090200,lessor,2150.0,actual
2026,1157,LAND LEASING VALMONTE,HENRIQUE G. VALMONTE,San Vicente,Renewal,Real Estate,Leasing,Sole Proprietorship,,4315.5,1,52500,Yearly,7093219,lessor,2365.5,actual
2026,1364,JOEL PEREZ WATER REFILLING STATION,EDITHA F. AYSON,Sapang,Renewal,Retail / Trade,Water Refilling Station,Sole Proprietorship,Female,5650,1,4820,Yearly,7093805,retailer,100.0,actual
2026,0606,NAELLSONS POULTRY FARM,OLIMPIA M. RAGASA,Sapang,Renewal,Retail / Trade,Livestock,Sole Proprietorship,Female,42450,1,1200,Yearly,7092378,retailer,20000.0,actual
2026,0153,ALDRIN & THERESE LPG OUTLET,ARLENE B. SAN PEDRO,Sibul,Renewal,Retail / Trade,LPG Retailer,Sole Proprietorship,Female,5550,1,50840,Yearly,6811729,retailer,1016.8,needs_review
2026,1462,AMANG TAGALAG CONSTRUCTION SUPPLY,JOSE DE MALANTA TAGALAG,Sibul,Renewal,Retail / Trade,Hardware,Sole Proprietorship,Male,10550,1,755668.75,Yearly,7095135,retailer,5000.0,actual
2026,0281,ANZEN PURIFIED DRINKING WATER,JOEL SM. DELA CRUZ,Sibul,Renewal,Retail / Trade,Retailer,Sole Proprietorship,Male,9050,1,268900,Yearly,6811737,retailer,3300.0,actual
2026,0332,DOUBLE G CONSUMER GOODS TRADING,GEORGE STA MARIA CARREON,Sibul,Renewal,Retail / Trade,General Merchandise,Sole Proprietorship,Male,6870,1,96000,Yearly,6812154,retailer,1320.0,actual
2026,1085,ICEL16 TONER TRADING,MARICEL D. ANTONIO,Sibul,Renewal,Retail / Trade,Retailer,Sole Proprietorship,,7970,1,160000,Yearly,7092450,retailer,2420.0,actual
2026,1023,INANG GAYANG LPG TRADING,LIGAYA O. VELAYO,Sibul,Renewal,Retail / Trade,LPG Retailer,Sole Proprietorship,Female,5550,1,1200,Yearly,7092109,retailer,24.0,needs_review
2026,0397,JERA & JAZZIE PLASTICWARE PRODUCTS STORE,RANDY SM. DELA CRUZ,Sibul,Renewal,Retail / Trade,Plastic Ware,Sole Proprietorship,,6750,1,60910,Yearly,6812475,retailer,1100.0,actual
2026,0919,JOHN MATTHEW STORE,ANGELITO D. MAGAT,Sibul,Renewal,Retail / Trade,Sari-sari Store,Sole Proprietorship,Male,4070,1,99390,Yearly,7091896,retailer,320.0,actual
2026,0843,JOY'S GROCERY,CHRISTIAN NEIL P. VEJERANO,Sibul,Renewal,Retail / Trade,Grocery,Sole Proprietorship,Male,111880.67,1,25266133.09,Yearly,7090873,retailer,106330.67,actual
2026,1367,JRV GROCERY,RHEA C. VELAYO,Sibul,Renewal,Retail / Trade,Grocery,Sole Proprietorship,Female,7420,1,102244,Yearly,7093808,retailer,1870.0,actual
2026,1651,LEHITIMO X TWIN'S VAPE LOUNGE,DERICK REYES DELA CRUZ,Sibul,Renewal,Retail / Trade,Retailer,Sole Proprietorship,Male,5990,1,22300,Yearly,7095125,retailer,440.0,actual
2026,1055,MARVIN LAXAMANA LPG TRADING,MARVIN ANGELES LAXAMANA,Sibul,Renewal,Retail / Trade,Retailer,Sole Proprietorship,,4550,1,1200,Yearly,7092365,retailer,24.0,needs_review
2026,1759,MELANIE'S STORE,MELANIE DR. PENGSON,Sibul,Renewal,Retail / Trade,Retailer,Sole Proprietorship,,6787.5,1,54000,Yearly,7097122,retailer,990.0,actual
2026,0567,NAYSS VLR LECHON MANOK STALL (SIBUL),NICE APRIL ANNE B. VALERA,Sibul,Renewal,Retail / Trade,Lechon Manok,Sole Proprietorship,Female,8850,1,213859,Yearly,7091278,retailer,3300.0,actual
2026,1815,PRESCRIPTURA DRUGSTORE,MAGNOLIA A. SANTOS,Sibul,Renewal,Retail / Trade,Drugstore,Sole Proprietorship,Female,5550,1,1200,Yearly,7098180,retailer,24.0,needs_review
2026,0244,Q-STOP GAS STATION,ROSARIO A. QUINTOS,Sibul,Renewal,Retail / Trade,Retailer,Sole Proprietorship,Female,5750,1,1200,Yearly,6811702,retailer,24.0,needs_review
2026,1189,R&D LPG TRADING,DENNIS B. ROLDAN,Sibul,Renewal,Retail / Trade,LPG Retailer,Sole Proprietorship,Male,5550,1,1200,Yearly,7093684,retailer,24.0,needs_review
2026,0146,REY SP LPG STORE,REYNALDO N. SAN PEDRO,Sibul,Renewal,Retail / Trade,LPG Retailer,Sole Proprietorship,,5550,1,1200,Yearly,7091483,retailer,24.0,needs_review
2026,0237,ROLANDO B. GREGORIO JUNKSHOP,ROLANDO B. GREGORIO,Sibul,Renewal,Retail / Trade,Buy & Sell,Sole Proprietorship,,5990,1,36000,Yearly,6810918,retailer,440.0,actual
2026,0488,SPRING 131 FUEL STATION,IMELDA M. PRINCIPE,Sibul,Renewal,Retail / Trade,Retailer,Sole Proprietorship,Female,5550,1,1200,Yearly,7090196,retailer,24.0,needs_review
2026,0486,SPRINGS AQUA 131 PURIFIED WATER,CHRISTOPHER P. PRINCIPE,Sibul,Renewal,Retail / Trade,Retailer,Sole Proprietorship,Male,6540,1,1200,Yearly,7090197,retailer,990.0,actual
2026,0398,ST. AGATHA'S PHARMACY,MARIA TERESA J. PESTAÑO,Sibul,Renewal,Retail / Trade,Pharmacy,Sole Proprietorship,Female,10050,1,303000,Yearly,6812474,retailer,4400.0,actual
2026,0810,TYREX TRADING,EVANGELINE A. ROSALES,Sibul,Renewal,Retail / Trade,Buy & Sell,Sole Proprietorship,,15081.53,1,2095895,Yearly,7092143,retailer,9431.53,actual
2026,0568,VAPERS TOWN 3011 - II VAPE SHOP,LEA NOBIO CALLOS,Sibul,Renewal,Retail / Trade,Retailer,Sole Proprietorship,Female,7400,1,115600,Yearly,7091290,retailer,1850.0,actual
2026,0750,ZEAN REI TRADING,MARIE JESSICA V. DRIZA,Sibul,Renewal,Retail / Trade,Rental/Building,Sole Proprietorship,Female,9050,1,214000,Yearly,7091499,lessor,3300.0,actual
2026,0751,M-BLOCKS HARDWARE,MARILYN M. SOMBLINGO,Sibul,Renewal,Manufacturing,Hollow Blocks Maker,Sole Proprietorship,Female,7520,1,50000,Yearly,7091500,manufacturer,1870.0,actual
2026,1362,ARIES' ONLINE INTERNET CAFE,ARIS J. DEL ROSARIO,Sibul,Renewal,Services,Rentals,Sole Proprietorship,,6530,1,54000,Yearly,7093821,lessor,880.0,actual
2026,0410,"AUDREYPAULINE REMITTANCE CENTER       (MONEY REMITTANCE, MONEY TRANSFER)",ANN AUBREY L. ANGELES,Sibul,Renewal,Services,Money Remittance,Sole Proprietorship,Female,8190,1,170376.66,Yearly,6812494,bank_financial,2640.0,actual
2026,0411,AUDREYPAULINE TRUCKING SERVICES,ANN AUBREY L. ANGELES,Sibul,Renewal,Services,Trucking,Sole Proprietorship,Female,5650,1,1200,Yearly,6812493,other,5,needs_review
2026,0889,CARREON DELA CRUZ TRUCKING,LOURDES DC. CARREON,Sibul,Renewal,Services,Trucking,Sole Proprietorship,,7680,1,242079,Yearly,7092374,other,2130.0,actual
2026,0842,EDWINA'S CATERING SERVICES,EDWINA V. BAUTISTA,Sibul,Renewal,Services,Catering,Sole Proprietorship,Female,7530,1,100000,Yearly,7090878,food_beverage,1980.0,actual
2026,0748,ELPHIE'S CATERING,ELPIDIA M. ADRIANO,Sibul,Renewal,Services,Catering,Sole Proprietorship,Female,6400,1,42215,Yearly,7091554,food_beverage,550.0,actual
2026,0886,LIZTON HAULING SERVICES,LELIZA M. PRINCIPE,Sibul,Renewal,Services,Trucking,Sole Proprietorship,Female,6100,1,48350,Yearly,7092377,other,550.0,actual
2026,1916,MONEXPAY REMITTANCE SERVICES,MARJORIE N. MANIQUIS,Sibul,Renewal,Services,Money Remittance,Sole Proprietorship,Female,5893.75,1,28573,Yearly,7406030,bank_financial,275.0,actual
2026,1265,PAMPI'S GOLD ENTERPRISES,MA. VICTORIA P. ANGELES,Sibul,Renewal,Services,Trucking,Sole Proprietorship,,16650,1,1101250,Yearly,7094122,other,11000.0,actual
2026,0428,PAYABYAB FOOD CORNER,JOSE ALDRIN MENDOZA PAYABAYAB,Sibul,Renewal,Services,Food Shop/Center,Sole Proprietorship,Male,4135,1,36735,Yearly,6812396,food_beverage,385.0,actual
2026,0970,RODELEMY HAULERS,RODELINO D. MAGAT,Sibul,Renewal,Services,Trucking,Sole Proprietorship,Male,9480,1,229000,Yearly,7091567,other,3630.0,actual
2026,2100,VASON BILLS PAYMENT AND REMITTANCE CENTER                  (REMITTANCE AND OTHER FINANCIAL SERVICES),KAREN D. VARRON,Sibul,Renewal,Services,Money Remittance,Sole Proprietorship,Female,6650,1,59811,Yearly,7412738,bank_financial,880.0,actual
2026,1495,VASON CONSTRUCTION SERVICES,ALVIN M. VARRON,Sibul,Renewal,Services,Construction,Sole Proprietorship,Male,14900,1,701627,Yearly,7095147,contractor,9250.0,actual
2026,1046,VINTER ENTERPRISES,VIVIAN  A. SAN PEDRO,Sibul,Renewal,Services,Trucking,Sole Proprietorship,Female,5550,1,1200,Yearly,7092203,other,5,needs_review
2026,0812,WN TRUCKING SERVICES,WILFREDO D. ADELANTE,Sibul,Renewal,Services,Trucking,Sole Proprietorship,Male,7630,1,101090,Yearly,7092136,other,1980.0,actual
2026,1194,ZAAZ VICTORIA SAND AND GRAVEL SUPPLY,ZALDY TABANAO VICTORIA,Sibul,Renewal,Services,Trucking,Sole Proprietorship,Male,5550,1,1200,Yearly,7093690,other,5,needs_review
2026,1560,BEO LOT LEASING,JOAN CAMILLE L. BEO,Sibul,Renewal,Real Estate,Leasing,Sole Proprietorship,Female,4650,1,180000,Yearly,7093656,lessor,2700.0,actual
2026,1469,DDRS PROPERTY LEASING,DAVE DEL ROSARIO SUMBILLO,Sibul,Renewal,Real Estate,Leasing,Sole Proprietorship,,4110,1,108000,Yearly,7094975,lessor,2160.0,actual
2026,0204,ELIZABETH BERNARDINO BRIONES PROPERTY RENTAL,ELIZABETH B. BRIONES,Sibul,Renewal,Real Estate,Leasing,Sole Proprietorship,Female,5730,1,378000,Yearly,6810817,lessor,3780.0,actual
2026,0943,JENELYN SPACE RENTAL,JENELYN U. RAMIREZ,Sibul,Renewal,Real Estate,Space Rental,Sole Proprietorship,Female,3570,1,105840,Yearly,7091766,lessor,1620.0,actual
2026,0358,LIGON SPACE RENTAL,LAUREANO A. LIGON,Sibul,Renewal,Real Estate,Space Rental,Sole Proprietorship,Female,2850,1,60000,Yearly,6812176,lessor,900.0,actual
2026,0901,5209743.79STAR PETROL GASOLINE STATION,ANGELIE F. PANGILINAN,Sta. Ines,Renewal,Retail / Trade,Gasoline Station,Sole Proprietorship,Female,5650,1,5209742.79,Yearly,7093215,retailer,56097.43,needs_review
2026,1485,CED & ALEX PALAY & RICE TRADING,CHERRY ANN D. SALCEDO,Sta. Ines,Renewal,Retail / Trade,Rice Retailer,Sole Proprietorship,Female,7400,1,148419,Yearly,7094794,retailer,1850.0,actual
2026,1164,CRIS JUNKSHOP,CHRISTIAN L. CASTILLO,Sta. Ines,Renewal,Retail / Trade,Junkshop,Sole Proprietorship,Male,7400,1,115740,Yearly,7090916,other,1850.0,actual
2026,1629,FGC ALVAREZ FEEDS SUPPLY,FERDINAND A. ALVAREZ,Sta. Ines,Renewal,Retail / Trade,Feeds & Agricultural Supply,Sole Proprietorship,Male,6540,1,50000,Yearly,7096276,retailer,990.0,actual
2026,1843,INFINI THREE ENTERPRISES,CARLA JANE P. SALCEDO,Sta. Ines,Renewal,Retail / Trade,Retailer,Sole Proprietorship,Female,6640,1,55200,Yearly,7092053,retailer,990.0,actual
2026,1901,JERICO GAS STATION,JERICO D. OPPUS,Sta. Ines,Renewal,Retail / Trade,Gasoline Station,Sole Proprietorship,Male,5650,1,655500,Yearly,7406010,retailer,10555.0,needs_review
2026,0552,JOY MARIE FRUIT AND VEGETABLE TRADING,JOY J. PADILLA,Sta. Ines,Renewal,Retail / Trade,Retailer,Sole Proprietorship,Female,7970,1,150000,Yearly,7091294,retailer,2420.0,actual
2026,0085,MICHELLE'S SARI-SARI STORE,MECHILL S. APODERADO,Sta. Ines,Renewal,Retail / Trade,Sari-sari Store,Sole Proprietorship,Female,4410,1,1200,Yearly,6811805,retailer,660.0,actual
2026,0805,MOYA'S HARDWARE AND GENERAL MERCHANDISE,MANUEL O. YAP,Sta. Ines,Renewal,Retail / Trade,Retailer,Sole Proprietorship,Male,9050,1,291160,Yearly,7091886,retailer,3300.0,actual
2026,0900,PANGILINAN DRUG STORE,ANGELIE F. PANGILINAN,Sta. Ines,Renewal,Retail / Trade,Drugstore,Sole Proprietorship,Female,9950,1,333270.54,Yearly,7093217,retailer,4400.0,actual
2026,1274,PIBI'S TUBIGAN WATER STATION,MARY GRACE ANN J. PENGSON,Sta. Ines,Renewal,Retail / Trade,Refilling Station,Sole Proprietorship,Female,5550,1,1200,Yearly,7094143,retailer,24.0,needs_review
2026,0032,RHEM'S LPG TRADING,REMEGIO N. MERU,Sta. Ines,Renewal,Retail / Trade,LPG Retailer,Sole Proprietorship,Female,5550,1,1200,Yearly,6810842,retailer,24.0,needs_review
2026,0536,RJGD SARI-SARI STORE,JOSEPHINE S. DAZON,Sta. Ines,Renewal,Retail / Trade,Sari-sari Store,Sole Proprietorship,Female,5070,1,98607,Yearly,7091251,retailer,1320.0,actual
2026,0652,SASAB FOOD TRADE,JENNIELYN P. PUNO,Sta. Ines,Renewal,Retail / Trade,Retailer,Sole Proprietorship,Female,11550,1,797800.4,Yearly,7091622,retailer,6000.0,actual
2026,0027,SKINVESTMENT FOOD PRODUCTS TRADING,PRINCESS NICOLL PARUNGAO TENGCO,Sta. Ines,Renewal,Retail / Trade,Retailer,Sole Proprietorship,Female,2450,1,1200,Yearly,6810837,retailer,500.0,actual
2026,0950,TONI JUNKSHOP,ANTONIO P. AGUDONG,Sta. Ines,Renewal,Retail / Trade,Junkshop,Sole Proprietorship,Male,8850,1,275322.16,Yearly,7092133,other,3300.0,actual
2026,1924,TRIPLE JJJ WATER STATION,LAURITA P. ORDANZA,Sta. Ines,Renewal,Retail / Trade,Water Refilling Station,Sole Proprietorship,Female,5962.5,1,20000,Yearly,7406039,retailer,330.0,actual
2026,0514,VANSAMYGO HARDWARE & CONSTRUCTION SUPPLIES,RAQUEL M. PABLO,Sta. Ines,Renewal,Retail / Trade,Hardware,Sole Proprietorship,Female,9950,1,319733,Yearly,7090921,retailer,4400.0,actual
2026,0475,JANINE CHICHARON,JANINE M. DAVID,Sta. Ines,Renewal,Manufacturing,Chicharon Manufacturer,Sole Proprietorship,Female,7200,1,75665.25,Yearly,7090271,manufacturer,1650.0,actual
2026,0416,MICHAEL PANGILINAN SWEETS,MICHAEL G. PANGILINAN,Sta. Ines,Renewal,Manufacturing,Pastillas and Sweet Delicacies,Sole Proprietorship,Male,16150,1,1305177,Yearly,7090179,manufacturer,10000.0,actual
2026,0277,AQUEENA TRUCKING SERVICES,JAY AR M. JOSON,Sta. Ines,Renewal,Services,Trucking,Sole Proprietorship,Male,5650,1,1200,Yearly,6811750,other,5,needs_review
2026,1470,BLACK M SERIES TRUCKING SERVICES,MARLON L. DELA CRUZ,Sta. Ines,Renewal,Services,Trucking,Sole Proprietorship,Male,5550,1,1200,Yearly,7414629,other,5,needs_review
2026,1842,CLOUD EXPRESS TRUCKING SERVICES,CARLA JANE P. SALCEDO,Sta. Ines,Renewal,Services,Trucking,Sole Proprietorship,Female,41776.8,1,8050400,Yearly,7092072,other,36226.8,actual
2026,1349,COFFEE TECH EQUIPMENT AND SERVICES,YASMIN V. SANTOS,Sta. Ines,Renewal,Services,Coffee Shop and Restaurant,Sole Proprietorship,Female,6430,1,1200,Yearly,7094118,food_beverage,880.0,actual
2026,1715,D J MERCADO TRUCKING,DHARWIN JOHN E. MERCADO,Sta. Ines,Renewal,Services,Trucking & Hauling Services,Sole Proprietorship,,45450,1,10435485.41,Yearly,7096922,other,38000.0,actual
2026,1848,E.D. SIOJO BUILDERS,EDWARD D. SIOJO,Sta. Ines,Renewal,Services,Contractor,Sole Proprietorship,Male,5550,1,1200,Yearly,7099164,contractor,27.5,needs_review
2026,0313,E.N. NOTA TRUCKING SERVICES,ELMAR N. NOTA,Sta. Ines,Renewal,Services,Trucking,Sole Proprietorship,Female,7730,1,127500,Yearly,6811837,other,1980.0,actual
2026,0131,J.A ALVAREZ TRUCKING SERVICES,JOHN A. ALVAREZ,Sta. Ines,Renewal,Services,Trucking,Sole Proprietorship,Male,7550,1,1200,Yearly,7091257,other,2000.0,actual
2026,1674,MICE ENTERPRISE,EMMANUEL M. LIBUNAO,Sta. Ines,Renewal,Services,Trucking,Sole Proprietorship,,8750,1,305000,Yearly,7096324,other,3200.0,actual
2026,0723,TYLER & TIMOTHY BOAR ARTIFICIAL INSEMINATION CENTER,MARY ROSE ENRIQUEZ GABRIEL,Sta. Ines,Renewal,Services,Hog Contract Breeding,Sole Proprietorship,Female,6100,1,49385.18,Yearly,6812173,other,550.0,actual
2026,1327,UPWARD HORIZON CONSTRUCTION CORPORATION,UPWARD HORIZON CONSTRUCTION CORPORATION,Sta. Ines,Renewal,Services,Contractor,Sole Proprietorship,,5850,1,1200,Yearly,7093201,contractor,27.5,needs_review
2026,1092,VVFV TRUCKING SERVICES,VEMBER F. VENTURA,Sta. Ines,Renewal,Services,Trucking,Sole Proprietorship,Male,15525.38,1,2295077.71,Yearly,7093232,other,9475.38,actual
2026,0714,ZACK & ZEKE TRUCKING SERVICES,MARK JAESON E. ESCALANTE,Sta. Ines,Renewal,Services,Trucking,Sole Proprietorship,Male,42226.26,1,8150281.56,Yearly,7092249,other,36676.26,actual
2026,0273,DONG-CHE COMMERCIAL STALL RENTAL,MARCELINA P. ALABADO,Sta. Ines,Renewal,Real Estate,Space Rental,Sole Proprietorship,Female,4110,1,120000,Yearly,6811709,lessor,2160.0,actual
2026,0445,LACTAOEN LOT LEASING,VIOLETA APODERADO LACTAOEN,Sta. Ines,Renewal,Real Estate,Leasing,Sole Proprietorship,Female,4110,1,28800,Yearly,6812371,lessor,2160.0,actual
2026,1568,WRM SPACE LEASING,MARK GILBERT APODERADO MEDINA,Sta. Ines,Renewal,Real Estate,Leasing,Sole Proprietorship,Male,4200,1,570000,Yearly,7094128,lessor,2250.0,actual
2026,0920,ASG MAT-TEST LABORATORY SUPPLIES TRADING,LALAINE G. GUILLERMO,Sta. Lucia,Renewal,Retail / Trade,Retailer,Sole Proprietorship,Female,4025,1,17000,Yearly,7091783,retailer,275.0,actual
2026,0921,BOOKTECH AND COMPUTER TRADING,RENZ MARRION L. RUBIO,Sta. Lucia,Renewal,Retail / Trade,Retailer,Sole Proprietorship,Female,3750,1,1200,Yearly,7091785,retailer,24.0,needs_review
2026,1011,BOUGAINVILLEA FLOWER GARDEN,MARIA  ANNABELLE S. DOMINGO,Sta. Lucia,Renewal,Retail / Trade,Retailer,Sole Proprietorship,Female,8070,1,182900,Yearly,7091796,retailer,2420.0,actual
2026,1512,DALISAY ALKALANIZED AND PURIFIED DRINKING WATER,RODRIGO DG. MALONZO JR.,Sta. Lucia,Renewal,Retail / Trade,Retailer,Sole Proprietorship,Male,7400,1,132360,Yearly,7095117,retailer,1850.0,actual
2026,0926,R.R.A.G BOOK STORE,AILEEN G. RUBIO,Sta. Lucia,Renewal,Retail / Trade,Native Products Retailing,Sole Proprietorship,Female,4510,1,35000,Yearly,7091784,retailer,660.0,actual
2026,0381,KIDZ CORNER LEARNING CENTER,SEPHEDE MILOSANTOS DELA CRUZ,Sta. Lucia,Renewal,Services,Training Center,Sole Proprietorship,,5730,1,138080,Yearly,6812387,other,1980.0,actual
2026,0114,MARISSA'S TRUCKING & HAULING SERVICES,MARISSA  M. BUENAVENTURA,Sta. Lucia,Renewal,Services,Trucking,Sole Proprietorship,Female,13550,1,5184000,Yearly,7090905,other,8000.0,actual
2026,2064,VILLA  SAYONG PRIVATE RESORT,CRISANTO D. SANTOS,Sta. Lucia,Renewal,,Wavepool & Resort,Sole Proprietorship,Male,19712.5,1,40000,Yearly,7412719,amusement,10050.0,actual
2026,0905,21 GOLDEN SARU AGRICULTURAL PRODUCTS WHOLESALING,JOVERT VILLANUEVA TEORICA,Sta. Rita Bata,Renewal,Retail / Trade,Retailer,Sole Proprietorship,Male,5550,1,1200,Yearly,7091154,retailer,24.0,needs_review
2026,0343,AQUA BELLA PURIFIED AND WATER REFILLING STATION,NADILYN O. VANGUARDIA,Sta. Rita Bata,Renewal,Retail / Trade,Water Refilling Station,Sole Proprietorship,Female,6640,1,53783.33,Yearly,6811842,retailer,990.0,actual
2026,0749,EMMANUEL SPRING PURIFIED DRINKING WATER,NEIL G. ECHAVARRIA,Sta. Rita Bata,Renewal,Retail / Trade,Retailer,Sole Proprietorship,Male,6970,1,56068,Yearly,7091552,retailer,1320.0,actual
2026,1661,FATIMA WATER REFILLING STATION,FATIMA S. SEBASTIAN,Sta. Rita Bata,Renewal,Retail / Trade,Water Refilling Station,Sole Proprietorship,Female,7400,1,114316,Yearly,7096311,retailer,1850.0,actual
2026,0369,JULIET'S JUNKSHOP,JULIETA G. VILLASIS,Sta. Rita Bata,Renewal,Retail / Trade,Junkshop,Sole Proprietorship,Female,6090,1,33200,Yearly,6812466,other,440.0,actual
2026,0368,KIAN'S STEEL TRADING,JOMARI SANTIAGO SAN PEDRO,Sta. Rita Bata,Renewal,Retail / Trade,Retailer,Sole Proprietorship,Male,5990,1,33789,Yearly,6812465,retailer,440.0,actual
2026,1535,ML LADISLA HOG TRADING,MERCEDES LIBUNAO LADISLA,Sta. Rita Bata,Renewal,Retail / Trade,Livestock,Sole Proprietorship,Female,5550,1,1200,Yearly,7094999,retailer,24.0,needs_review
2026,1743,PHARMALABB DRUGSTORE,DEAN CARLO RAUL C. BALLESTEROS,Sta. Rita Bata,Renewal,Retail / Trade,Drugstore,Sole Proprietorship,Male,5893.75,1,19000,Yearly,7097103,retailer,275.0,actual
2026,0875,PSALM 18.28 CONSUMER GOODS TRADING,KRISTINE ROSE B. ALDABA,Sta. Rita Bata,Renewal,Retail / Trade,Retailer,Sole Proprietorship,Female,3820,1,150000,Yearly,7092385,retailer,1870.0,actual
2026,1752,TJR ANIMAL FEEDS TRADING,TALA JENN U. RAMOS,Sta. Rita Bata,Renewal,Retail / Trade,Retailer,Sole Proprietorship,,7862.5,1,100000,Yearly,7097112,retailer,1850.0,actual
2026,0186,ACNN WOOD CRAFTS MANUFACTURING,NORYLIN T. MALA,Sta. Rita Bata,Renewal,Manufacturing,Wood Craft,Sole Proprietorship,Female,7750,1,145768,Yearly,6808894,manufacturer,2200.0,actual
2026,0295,BEAUTEA LOUNGE CAFE,APRIL ROSE B. SUAREZ,Sta. Rita Bata,Renewal,Services,Coffee Shop and Restaurant,Sole Proprietorship,Female,9843.58,1,483487,Yearly,6811810,food_beverage,4093.58,actual
2026,0532,CISO TRUCKING SERVICES,JESTER C. GREGORIO,Sta. Rita Bata,Renewal,Services,Trucking,Sole Proprietorship,Male,9280,1,246180,Yearly,7091176,other,3630.0,actual
2026,0165,CSME TRUCKING AND AGGREGATES,KEVIN DOME SM. CASTILLO,Sta. Rita Bata,Renewal,Services,Trucking,Sole Proprietorship,Male,22342.25,1,3158450,Yearly,7091641,other,16792.25,actual
2026,1022,EL BODEGON INN,MARCEL CHARLES C. LIPANA,Sta. Rita Bata,Renewal,Services,Apartelle,Sole Proprietorship,,1155,1,253800,Quarterly,7407712,other,1155.0,actual
2026,0763,JAI ENTERPRISES,MARLON M. CASTILLO,Sta. Rita Bata,Renewal,Services,Hauling,Sole Proprietorship,Male,14900,1,2904362,Yearly,7091594,other,9250.0,actual
2026,0964,JERICHO SANTOS COMPUTER REPAIR AND PRINTING SHOP,JERICHO V. SANTOS,Sta. Rita Bata,Renewal,Services,Computer Rental,Sole Proprietorship,Male,8670,1,256718,Yearly,7092101,other,2620.0,actual
2026,1159,KJS ENTERPRISES,KIMBERLY JOYCE S. SANTOS,Sta. Rita Bata,Renewal,Services,Trucking,Sole Proprietorship,,29050,1,8449043,Yearly,7093395,other,23000.0,actual
2026,1160,MIGUEL AND RAPHAEL ENTERPRISES,FERNANDO S. SANTOS,Sta. Rita Bata,Renewal,Services,Trucking,Sole Proprietorship,,17850,1,7665948,Yearly,7093394,other,12000.0,actual
2026,1581,RICHZ&LYN TRUCKING SERVICES,LORELYN R. TAGUIANG,Sta. Rita Bata,Renewal,Services,Trucking,Sole Proprietorship,Female,5650,1,1200,Yearly,7095985,other,5,needs_review
2026,1171,SANTA RITA DE CASCIA MEMORIAL PARK,SONIA R. ODULIO,Sta. Rita Bata,Renewal,Services,Memorial Park,Sole Proprietorship,Female,13800,1,148666.67,Yearly,7093652,other,8250.0,actual
2026,0348,STA RITA WALVEKAR FUNERAL SERVICES,CATALINA DR. WALVEKAR,Sta. Rita Bata,Renewal,Services,Funeral Service,Sole Proprietorship,,16835.26,1,2217052.57,Yearly,6811817,other,11085.26,actual
2026,0009,THENUE AESTHETIC AND WELLNESS CENTER,JOANNE V. VILLANUEVA,Sta. Rita Bata,Renewal,Services,Beauty Center,Sole Proprietorship,Female,9810,1,351185,Yearly,6811807,other,6160.0,actual
2026,0282,WIREDWIREDWORKX TELECOMMUNICATION SERVICES,MAYLIN M. DELA CRUZ,Sta. Rita Bata,Renewal,Services,Sub-Contractor,Sole Proprietorship,Female,5550,1,1200,Yearly,6811724,contractor,27.5,needs_review
2026,1410,CASTILLO'S SPACE RENTAL,VIRGINIA S. CASTILLO,Sta. Rita Bata,Renewal,Real Estate,Space Rental,Sole Proprietorship,Female,2850,1,60000,Yearly,7093362,lessor,900.0,actual
2026,1373,AQUARYZA PURIFIED DRINKING WATER,RIZA R. DE CASTRO,Sta. Rita Matanda,Renewal,Retail / Trade,Retailer,Sole Proprietorship,Female,5825,1,16568,Yearly,7093819,retailer,275.0,actual
2026,1008,BAD HABITS COLLECTIBLE TOYS SHOP,BERNARD L. PAYAWAL JR,Sta. Rita Matanda,Renewal,Retail / Trade,Retailer,Sole Proprietorship,Male,6540,1,54650,Yearly,7091792,retailer,990.0,actual
2026,1803,BETTERBUY HOUSEHOLD APPLIANCES TRADING,JEFFRY A. ALFONSO,Sta. Rita Matanda,Renewal,Retail / Trade,Home Furniture,Sole Proprietorship,Male,97240.55,1,18158110.24,Yearly,7091900,retailer,90790.55,actual
2026,1505,CRISTINA SEVILLA'S SWEETS PASALUBONG SHOP,MA. CRISTINA S. AGUILAR,Sta. Rita Matanda,Renewal,Retail / Trade,Retailer,Sole Proprietorship,Female,7500,1,122784,Yearly,7095131,retailer,1850.0,actual
2026,0768,DOUBLE D'S 3-IN-1 WATER STATION,ROSSANA  ANDREA S. NOVALES,Sta. Rita Matanda,Renewal,Retail / Trade,Water Refilling Station,Sole Proprietorship,Female,7970,1,192713,Yearly,7091599,retailer,2420.0,actual
2026,1459,E.D. OCAMPO NATIVE DELICACIES TRADING,ENRICO D. OCAMPO,Sta. Rita Matanda,Renewal,Retail / Trade,Retailer,Sole Proprietorship,Male,7400,1,125000,Yearly,7095129,retailer,1850.0,actual
2026,1618,FUEL SAVER GASOLINE STATION (STA. RITA MATANDA),LOUIE T. TARUC,Sta. Rita Matanda,Renewal,Retail / Trade,Gasoline Station,Sole Proprietorship,Male,11214.49,1,546449.33,Yearly,7096267,retailer,5664.49,actual
2026,0890,GEMSEVILLA FOOD PRODUCTS,MA. GEMMA S. ALCANTARA,Sta. Rita Matanda,Renewal,Retail / Trade,Sweet And Pasalubong,Sole Proprietorship,Female,7350,1,249474,Yearly,7092372,retailer,1800.0,actual
2026,1645,LCAC OFFICE AND SCHOOL SUPPLIES,LOIDA C. ABLAN,Sta. Rita Matanda,Renewal,Retail / Trade,Retail of School & Office Supplies,Sole Proprietorship,Female,21708.49,1,4231697,Yearly,7096290,retailer,16158.49,actual
2026,0195,MABACAO WATER REFILLING STATION,JEREMIAS S. MORALES,Sta. Rita Matanda,Renewal,Retail / Trade,Water Refilling Station,Sole Proprietorship,Male,5880,1,20525,Yearly,6808879,retailer,330.0,actual
2026,0318,MEDIK8 PHARMACY,KATRINA CRUZ MANLAPIG,Sta. Rita Matanda,Renewal,Retail / Trade,Drugstore,Sole Proprietorship,Female,5550,1,1200,Yearly,6811823,retailer,24.0,needs_review
2026,0770,NANAY ISING'S LAUNDRY HUB,IRENE A. ROURA,Sta. Rita Matanda,Renewal,Retail / Trade,Retailer,Sole Proprietorship,Female,6970,1,95285,Yearly,7091466,retailer,1320.0,actual
2026,1450,PETRONIC GASOLINE STATION,FERNANDO M. NICANDRO,Sta. Rita Matanda,Renewal,Retail / Trade,Retailer,Sole Proprietorship,Male,12972.73,1,622273.8,Yearly,7094142,retailer,6222.73,actual
2026,0210,RG AND GA  MARKETING,RUSTY R. MANIQUIZ,Sta. Rita Matanda,Renewal,Retail / Trade,Retailer,Sole Proprietorship,Male,15750,1,1796642.85,Yearly,6810846,retailer,10000.0,actual
2026,1642,STA. RITA CONSTRUCTION & TRADING,JEMWELL C. ABLAN,Sta. Rita Matanda,Renewal,Retail / Trade,Const. & Gen. Mdse.,Sole Proprietorship,Male,27820.95,1,5454190,Yearly,7096289,retailer,22270.95,actual
2026,1641,STA.RITA TRADING,CEFERINO G. ABLAN,Sta. Rita Matanda,Renewal,Retail / Trade,Const. & Gen. Mdse.,Sole Proprietorship,Male,22224.89,1,4334977.5,Yearly,7096288,retailer,16674.89,actual
2026,1006,TAN TAN MEAT SHOP,SHERWIN NEIL T. SANTOS,Sta. Rita Matanda,Renewal,Retail / Trade,Retail Of Process Foods,Sole Proprietorship,Male,7400,1,130168,Yearly,7091794,retailer,1850.0,actual
2026,0959,TOFFITOPZ MEAT SHOP,JELLA MAE DJ SANTOS,Sta. Rita Matanda,Renewal,Retail / Trade,Meat Retailer,Sole Proprietorship,Female,7750,1,846168,Yearly,7092118,retailer,4000.0,actual
2026,1643,XHIA'S AUTOMOTIVE SPARE PARTS TRADING,LOIDA C. ABLAN,Sta. Rita Matanda,Renewal,Retail / Trade,Auto & Electrical Supply & Gen. Mdse.,Sole Proprietorship,Female,8850,1,284375,Yearly,7096287,retailer,3300.0,actual
2026,0619,KULOT'S  CHICHARON  MANUFACTURING,NOELITO C. SAN PEDRO,Sta. Rita Matanda,Renewal,Manufacturing,Chicharon Manufacturer,Sole Proprietorship,Male,7200,1,85114,Yearly,7091264,manufacturer,1650.0,actual
2026,0279,1RALTEC LOGISTICS SERVICES,CECILIA D. MILLANO,Sta. Rita Matanda,Renewal,Services,Trucking,Sole Proprietorship,Female,17756.5,1,2141300,Yearly,6811728,other,11706.5,actual
2026,1436,8 STARS APARTMENT,FERDINAND MAGHINANG II,Sta. Rita Matanda,Renewal,Services,Rentals,Sole Proprietorship,,3325,1,72000,Yearly,7093682,lessor,625.0,actual
2026,0495,AKIRA COMMERCIAL BUILDING,NICANOR C. TIONGSON,Sta. Rita Matanda,Renewal,Services,Commercial Space  Rental,Sole Proprietorship,Male,18150,1,1200000,Yearly,7090886,lessor,16200.0,actual
2026,0178,BACANI-MORALES BUILDING,MARIA DOLORES B. MORALES,Sta. Rita Matanda,Renewal,Services,Rentals,Sole Proprietorship,Female,7350,1,360000,Yearly,6808867,lessor,5400.0,actual
2026,1940,BRAND MOVERS INTERACTIVE MARKETING,GERALDINE C. SALONGA,Sta. Rita Matanda,Renewal,Services,Events Management,Sole Proprietorship,Female,1950,1,1200,Yearly,7407708,other,5,needs_review
2026,1687,CLINICA SAN MIGUEL,YAEL MAE F. LEOPOLDO,Sta. Rita Matanda,Renewal,Services,Medical Clinic,Sole Proprietorship,,6100,1,1200,Yearly,7096327,other,550.0,actual
2026,0767,DOUBLE D SPORTS APPAREL SHOP,ROSSANA  ANDREA S. NOVALES,Sta. Rita Matanda,Renewal,Services,Tailoring,Sole Proprietorship,Female,15800,1,756056,Yearly,7091598,other,10250.0,actual
2026,1082,EYE CARE CENTER BUENCAMINO DE MAYUMO,JUAN PAULO C. BUENCAMINO,Sta. Rita Matanda,Renewal,Services,Optical Shop,Sole Proprietorship,Male,7280,1,240220,Yearly,7092220,other,3630.0,actual
2026,0338,FIL LOGISTICS SERVICES,FILOMENO C. FRANCO JR.,Sta. Rita Matanda,Renewal,Services,Trucking,Sole Proprietorship,Male,12410,1,303484,Yearly,6811847,other,6160.0,actual
2026,0337,FTCF BIRTHING CLINIC,FILOMENO C. FRANCO JR,Sta. Rita Matanda,Renewal,Services,Medical Clinic,Sole Proprietorship,,8390,1,178480,Yearly,6811846,other,2640.0,actual
2026,0354,G & E AUTO CARE SERVICES,GINA L. ABELARDO,Sta. Rita Matanda,Renewal,Services,Auto Repair Shop,Sole Proprietorship,Female,9180,1,230210,Yearly,6812169,other,3630.0,actual
2026,1203,IMT LOGISTICS SERVICES,IAN M. TECSON,Sta. Rita Matanda,Renewal,Services,Trucking,Sole Proprietorship,Male,16500,1,813000,Yearly,7093370,other,10250.0,actual
2026,0885,JDESTINY LEARNING CENTER,FERLINDA  A. GATCHALIAN,Sta. Rita Matanda,Renewal,Services,Contractor,Sole Proprietorship,Female,16669.75,1,2223851.58,Yearly,7092379,contractor,11119.75,actual
2026,0717,JOKI34 MACHINE SHOP,JOVITO S. OCTAVIANO,Sta. Rita Matanda,Renewal,Services,Contractor,Sole Proprietorship,Male,7530,1,141935,Yearly,7092242,contractor,1980.0,actual
2026,2005,JPA NORTH AUTO DETAILING SERVICES,JOHN PAULO T. ALABADO,Sta. Rita Matanda,Renewal,Services,Repair Shop,Sole Proprietorship,Male,8850,1,189850,Yearly,7410757,other,2640.0,actual
2026,1570,LADYLASH BROWS & SKIN STUDIO BROWS AND LASHES SERVICES,LADY CATHERINE S. ESTEBAN,Sta. Rita Matanda,Renewal,Services,Beauty Center,Sole Proprietorship,Female,8270,1,415949,Yearly,7095973,other,4620.0,actual
2026,1644,LHOICE CONSTRUCTION SUPPLIES TRADING,CEFERINO G. ABLAN,Sta. Rita Matanda,Renewal,Services,Construction,Sole Proprietorship,Female,13800,1,813134.44,Yearly,7096291,contractor,8250.0,actual
2026,0829,LUISA  MANAHAN COMMERCIAL LOT AND BUILDING RENTAL,LUISA S. MANAHAN,Sta. Rita Matanda,Renewal,Services,Rentals,Sole Proprietorship,Female,5550,1,450000,Yearly,7090906,lessor,3600.0,actual
2026,1418,MDCR DIAGNOSTIC LABORATORY,MARGARITA  D. REGACHO,Sta. Rita Matanda,Renewal,Services,Diagnostic Laboratory,Sole Proprietorship,,13900,1,464465,Yearly,7093391,other,8250.0,actual
2026,0519,MJC DIAGNOSTIC CENTER AND MEDICAL CLINIC,MARISSA J. CASTRO,Sta. Rita Matanda,Renewal,Services,Clinic,Sole Proprietorship,,7530,1,116000,Yearly,7090937,other,1980.0,actual
2026,1021,PAW GUPITAN PET SUPPLIES AND ACCESSORIES SHOP,MA. ANGELICA  JOYCE DM. LIWAG,Sta. Rita Matanda,Renewal,Services,Salon,Sole Proprietorship,Female,5935,1,35000,Yearly,7092115,other,385.0,actual
2026,0892,R. MAGTALAS TRUCKING,ROMMEL R. MAGTALAS,Sta. Rita Matanda,Renewal,Services,Trucking,Sole Proprietorship,Male,6050,1,1200,Yearly,7092609,other,5,needs_review
2026,1198,REYTHEL TRUCKING SERVICES,REYMOND M. NATIVIDAD,Sta. Rita Matanda,Renewal,Services,Trucking,Sole Proprietorship,Male,5550,1,200000,Yearly,7093698,other,1550.0,needs_review
2026,0626,RNB SPACE RENTAL (PLAZA OLIVIA BRANCH),POL DAVID R. BUENCAMINO,Sta. Rita Matanda,Renewal,Services,Apartment,Sole Proprietorship,Male,8800,1,500000,Yearly,7092086,lessor,6850.0,actual
2026,1417,RONETTE ELECTRICAL SERVICES,ROGELIO L. REYES JR,Sta. Rita Matanda,Renewal,Services,Electric Repair Center,Sole Proprietorship,Male,3370,1,73850,Yearly,7093392,other,1320.0,actual
2026,1742,SAINT MICHAEL LABORATORY AND DIAGNOSTIC CENTER,DEAN CARLO RAUL C. BALLESTEROS,Sta. Rita Matanda,Renewal,Services,Medical Laboratory,Sole Proprietorship,Male,10287.5,1,201000,Yearly,7097102,other,3630.0,actual
2026,0189,SECURITY LODGE,MARIA DAISY D. DOMINGO,Sta. Rita Matanda,Renewal,Services,Apartelle,Sole Proprietorship,Female,24295,1,2469000,Yearly,6808878,other,12345.0,actual
2026,1083,ST. CLAIRE CLINIC DR. ARLYN D.P. GABRIEL OB-GYNE,ARLYN D. GABRIEL,Sta. Rita Matanda,Renewal,Services,Clinic,Sole Proprietorship,Female,9380,1,420000,Yearly,7092215,other,3630.0,actual
2026,1709,TAKURAH'S FOOD STALLS (MASTER SIOMAI),TAKUMI V. INAMURA,Sta. Rita Matanda,Renewal,Services,Food Shop/Center,Sole Proprietorship,,6680,1,323735.51,Yearly,7096915,food_beverage,3630.0,actual
2026,1708,TAKURAH'S FOOD STALLS (POTATO CORNER),TAKUMI V. INAMURA,Sta. Rita Matanda,Renewal,Services,Food Shop/Center,Sole Proprietorship,,5590,1,240535,Yearly,7096916,food_beverage,2640.0,actual
2026,1183,TEEJAY AGGREGATES TRADING,ALLEIN ROMEO DC. MAGAT,Sta. Rita Matanda,Renewal,Services,Trucking,Sole Proprietorship,Male,12800,1,572470,Yearly,7093676,other,7250.0,actual
2026,1162,TUAZON APARTMENT RENTAL,ROGELIO L. TUAZON,Sta. Rita Matanda,Renewal,Services,Rentals,Sole Proprietorship,Male,4218,1,126000,Yearly,7091757,lessor,2268.0,actual
2026,1127,VIBRANT VISUAL & SOUND PRODUCTION,CAROLINE U. CHAVEZ,Sta. Rita Matanda,Renewal,Services,Rentals,Sole Proprietorship,Female,3450,1,10000,Yearly,7092411,lessor,150.0,needs_review
2026,1053,VSCAN RADIOLOGICAL SERVICES,VICTORINO S. COTO,Sta. Rita Matanda,Renewal,Services,Health Facility,Sole Proprietorship,,19963.09,1,2802618.38,Yearly,7092366,other,14013.09,actual
2026,1094,AHIA COMMERCIAL SPACE RENTAL,LANCE TIONGSON PAYAWAL,Sta. Rita Matanda,Renewal,Real Estate,Space Rental,Sole Proprietorship,Male,5550,1,84000,Yearly,7093225,lessor,3600.0,actual
2026,1804,BETTERBUY COMMERCIAL BUILDING SUB LEASING,JEFFRY A. ALFONSO,Sta. Rita Matanda,Renewal,Real Estate,Leasing,Sole Proprietorship,Male,63025.44,1,4071696.48,Yearly,7091893,lessor,61075.44,actual
2026,1425,JNP COMMERCIAL UNIT RENTAL,MIRASOL L. PUNO,Sta. Rita Matanda,Renewal,Real Estate,Space Rental,Sole Proprietorship,Female,1950,1,144000,Yearly,7093375,lessor,2160.0,needs_review
2026,0249,JOEY SPACE RENTAL,JOSELITO S. LEGASPI,Sta. Rita Matanda,Renewal,Real Estate,Space Rental,Sole Proprietorship,Male,3750,1,120000,Yearly,6810936,lessor,1800.0,actual
2026,1149,MERAKI SPACE RENTAL,RYAN ALFRED R. SANTOS,Sta. Rita Matanda,Renewal,Real Estate,Leasing,Sole Proprietorship,Male,4550,1,1200,Yearly,7093381,lessor,2600.0,actual
2026,0464,PLAZA MARKY SPACE RENTAL,CARMENCITA S. TECSON,Sta. Rita Matanda,Renewal,Real Estate,Space Rental,Sole Proprietorship,Female,3450,1,144000,Yearly,7090914,lessor,2500.0,actual
2026,0305,R & L BUILDING RENTAL (OSAVE),RANDY SANTOS IGNACIO,Sta. Rita Matanda,Renewal,Real Estate,Leasing,Sole Proprietorship,Male,5100,1,1200,Yearly,6812186,lessor,3150.0,actual
2026,0765,RGL BUILDING PROPERTY RENTAL,HAZEL L. SORILLA,Sta. Rita Matanda,Renewal,Real Estate,Space Rental,Sole Proprietorship,Female,4950,1,195000,Yearly,7091596,lessor,3000.0,actual
2026,0280,RUGAY COMMERCIAL LEASING,ANGELITA TY RUGAY,Sta. Rita Matanda,Renewal,Real Estate,Leasing,Sole Proprietorship,Female,9150,1,1200,Yearly,6811730,lessor,7200.0,actual
2026,0288,ZARA  ALI  APARTMENT,WAYETH BERNABE LAZARO,Sta. Rita Matanda,Renewal,Real Estate,Space Rental,Sole Proprietorship,,5280,1,108000,Yearly,6811819,lessor,1080.0,actual
2026,0690,CAIDEN'S VARIETY STORE,CARREN ANNE E. BRETAÑA,Tartaro,Renewal,Retail / Trade,Retailer,Sole Proprietorship,Female,7500,1,146415,Yearly,7091569,retailer,1850.0,actual
2026,1542,CJY AGRICULTURAL SUPPLY,CHIRSTINE JOY M. CANGCO,Tartaro,Renewal,Retail / Trade,Retailer,Sole Proprietorship,Female,6870,1,90000,Yearly,7095967,retailer,1320.0,actual
2026,2018-1438,DENRITZ RICE AND FEEDS SUPPLY,PAUL P. REYES,Tartaro,Renewal,Retail / Trade,Rice Retailer,Sole Proprietorship,,11800,1,1296000,Yearly,7414612,retailer,5000.0,actual
2026,0291,G.FUEL FUEL STATION,LAMBERTO M. GABAGAT,Tartaro,Renewal,Retail / Trade,Gasoline Station,Sole Proprietorship,Male,5650,1,1200,Yearly,6811734,retailer,24.0,needs_review
2026,0566,NAYSS VLR LECHON MANOK STALL (TARTARO),NICE APRIL ANNE B. VALERA,Tartaro,Renewal,Retail / Trade,Lechon Manok,Sole Proprietorship,Female,8850,1,217859,Yearly,7091279,retailer,3300.0,actual
2026,0062,PHARMASURE DRUGSTORE,MONICA E. GABAGAT,Tartaro,Renewal,Retail / Trade,Drugstore,Sole Proprietorship,Female,8850,1,298500,Yearly,6811731,retailer,3300.0,actual
2026,0823,R. DIAZ CONSUMER GOODS TRADING,RAQUEL D. ARCEGA,Tartaro,Renewal,Retail / Trade,Retailer,Sole Proprietorship,Female,9510,1,283315,Yearly,7092636,retailer,3960.0,actual
2026,1678,R-BUTAN-T STORE,YOLANDA A. ARBUTANTE,Tartaro,Renewal,Retail / Trade,Retailer,Sole Proprietorship,,4080,1,27000,Yearly,7096329,retailer,330.0,actual
2026,0147,VAMECOR GASOLINE STATION,VANCE ANTHONY M. CORONEL,Tartaro,Renewal,Retail / Trade,Retailer,Sole Proprietorship,Male,5650,1,1200,Yearly,7091475,retailer,24.0,needs_review
2026,1557,JCP CHICHARON MANUFACTURING,JESSICA C. PANGILINAN,Tartaro,Renewal,Manufacturing,Pork Chicharon,Sole Proprietorship,Female,7700,1,87350,Yearly,7093661,manufacturer,1650.0,actual
2026,1074,ARNY OCHOG TRUCKING SERVICES,ARNOLD P. LIBATIQUE,Tartaro,Renewal,Services,Trucking,Sole Proprietorship,Male,15900,1,501825,Yearly,7092226,other,10250.0,actual
2026,0292,BEAM'S TRUCKING SERVICES,EVANGELINE E. GABAGAT,Tartaro,Renewal,Services,Trucking,Sole Proprietorship,Female,21306.44,1,2891287.72,Yearly,6811735,other,15456.44,actual
2026,1093,BOB SARMIENTO TRUCKING SERVICES,BOBBY P. SARMIENTO,Tartaro,Renewal,Services,Trucking,Sole Proprietorship,Male,14800,1,282900,Yearly,7093231,other,9250.0,actual
2026,1017,C.A. REYES ROOF ENTERPRISE,CARLO B. REYES,Tartaro,Renewal,Services,Contractor,Sole Proprietorship,Male,19555.72,1,2621144.6,Yearly,7092127,contractor,13105.72,actual
2026,1032,C.J.R. TRUCKING SERVICES,RAVEN M. EVANGELISTA,Tartaro,Renewal,Services,Trucking,Sole Proprietorship,Male,17781.9,1,2426380,Yearly,7091894,other,12131.9,actual
2026,1337,EJO TRUCKING SERVICES,JANE DELA CRUZ ORTEZA,Tartaro,Renewal,Services,Trucking,Sole Proprietorship,,11094,1,354998.21,Yearly,7094979,other,5544.0,actual
2026,1287,JOSELITO'S COFFEE SHOP,JOSELITO ANDREW R. MENDOZA,Tartaro,Renewal,Services,Coffee Shop and Restaurant,Sole Proprietorship,Male,16039.42,1,1357692,Yearly,7094765,food_beverage,10289.42,actual
2026,1556,JYP TRUCKING SERVICES,JAMES YSRAEL C. PANGILINAN,Tartaro,Renewal,Services,Trucking,Sole Proprietorship,,11710,1,302372.64,Yearly,7093662,other,6160.0,actual
2026,0642,KENSOF HAULING SERVICES,TANTINA MARIE B. VER,Tartaro,Renewal,Services,Trucking & Hauling Services,Sole Proprietorship,Female,10270,1,283160,Yearly,7092214,other,4620.0,actual
2026,1003,POPAY TRUCKING,ROLANDO G. BELEY,Tartaro,Renewal,Services,Trucking,Sole Proprietorship,Male,15100,1,400136,Yearly,7091789,other,9250.0,actual
2026,0824,R. ARCEGA TRUCKING SERVICES,RODANTE E. ARCEGA JR.,Tartaro,Renewal,Services,Trucking,Sole Proprietorship,Male,18250,1,1799999.67,Yearly,7092635,other,12600.0,actual
2026,1033,R.T. EVANGELISTA TRUCKING & SERVICES,REVINAL T. EVANGELISTA,Tartaro,Renewal,Services,Trucking,Sole Proprietorship,,15750,1,1316921.8,Yearly,7091892,other,10000.0,actual
2026,0641,RM MAINTENANCE SERVICES,MA. MARILOU E. BALTAZAR,Tartaro,Renewal,Services,Trucking,Sole Proprietorship,Female,42248.66,1,7339732.15,Yearly,7092213,other,36698.66,actual
2026,1303,P.REYES PROPERTY LEASING,PAUL P.REYES,Tartaro,Renewal,Real Estate,Leasing,Sole Proprietorship,Male,0,1,1200,Yearly,,lessor,18.0,no_match
2026,0024,ZFM COMMERCIAL SPACE RENTAL,MA. LIEZL L. BALUAN,Tartaro,Renewal,Real Estate,Leasing,Sole Proprietorship,Female,5550,1,360000,Yearly,6808898,lessor,3600.0,actual
2026,1071,GRCV HARDWARE,ENGRACIA C. VANGUARDIA,Tibagan,Renewal,Retail / Trade,Hardware,Sole Proprietorship,Female,27713.36,1,4392672.97,Yearly,7092231,retailer,21963.36,actual
2026,1352,HNDG LPG STORE,HENRY GULAPA GUEVARRA,Tibagan,Renewal,Retail / Trade,LPG Retailer,Sole Proprietorship,Male,5550,1,60026.66,Yearly,7093827,retailer,1200.53,needs_review
2026,1290,J AND J JUNK SHOP,JERRY FRANCISCO VIOLAGO,Tibagan,Renewal,Retail / Trade,Junkshop,Sole Proprietorship,Male,5825,1,17850,Yearly,7094777,other,275.0,actual
2026,0734,JAZZYBO PRIVATE RESORT,JENALYN DC. SANTILLAN,Tibagan,Renewal,Retail / Trade,Resto Bar,Sole Proprietorship,Female,8140,1,24000,Yearly,6812353,food_beverage,990.0,actual
2026,0826,L.N.G. VILLAREAL CONVENIENCE STORE,CECIL C. VILLAREAL,Tibagan,Renewal,Retail / Trade,Convenient Store,Sole Proprietorship,Female,5650,1,1200,Yearly,7090898,retailer,24.0,needs_review
2026,0054,ORO 105 GAS STATION,MARIGOLD S. DE CASTRO,Tibagan,Renewal,Retail / Trade,Gasoline Station,Sole Proprietorship,Female,7179.25,1,162925,Yearly,6811713,retailer,1629.25,actual
2026,0171,S.A.S. LPG STORE,SERGIO A. SEGUNDO,Tibagan,Renewal,Retail / Trade,Retailer,Sole Proprietorship,Male,5550,1,54500,Yearly,7090925,retailer,1090.0,needs_review
2026,1097,SILVER GOLD TRADING,CORAZON C. VIOLA,Tibagan,Renewal,Retail / Trade,Retailer,Sole Proprietorship,Female,15550,1,1373744.74,Yearly,7093222,retailer,10000.0,actual
2026,1638,TRIPLE J JUNK SHOP,SAMMY S. CONEJOS,Tibagan,Renewal,Retail / Trade,Buy & Sell,Sole Proprietorship,Male,7600,1,127270,Yearly,7096282,retailer,1850.0,actual
2026,0117,YUSUKE LPG REFILLING STATION,JESSICA A. CRUZ,Tibagan,Renewal,Retail / Trade,LPG Retailer,Sole Proprietorship,Female,5550,1,1200,Yearly,7090180,retailer,24.0,needs_review
2026,0813,E.R. VALDEZ TRUCKING,EDGAR R. VALDEZ,Tibagan,Renewal,Services,Trucking,Sole Proprietorship,Male,48727.42,1,8615485.43,Yearly,7092067,other,43077.42,actual
2026,1024,FIVE-A- PRIVATE RESORT,ANDY P. GATUS,Tibagan,Renewal,Services,Resort,Sole Proprietorship,Male,8580,1,200000,Yearly,7092108,amusement,1630.0,actual
2026,0680,HAPONESA GARDEN RESORT,MELENCIO P. MAGTALAS,Tibagan,Renewal,Services,Recreation,Sole Proprietorship,Male,8590,1,150000,Yearly,7091487,amusement,2640.0,actual
2026,1439,LCDLS TRUCKING SERVICES,LORENZO C. DELOS SANTOS,Tibagan,Renewal,Services,Trucking,Sole Proprietorship,,11660,1,300000,Yearly,7093696,other,6160.0,actual
2026,0732,MARICARL REST HOUSE,MARITA D. CLEMENTE,Tibagan,Renewal,Services,Resort,Sole Proprietorship,Female,8270,1,76000,Yearly,7090173,amusement,1320.0,actual
2026,0828,MERAKI BIRTHING CENTER,ARLANDO N. SANTOS JR,Tibagan,Renewal,Services,Clinic,Sole Proprietorship,Male,8190,1,186470,Yearly,7090899,other,2640.0,actual
2026,1168,R&C PACKER AND LOGISTICS SERVICES,JULIETA C. PRIETO,Tibagan,Renewal,Services,Trucking,Sole Proprietorship,Female,5550,1,1200,Yearly,7093358,other,5,needs_review
2026,0814,MAUN COMMERCIAL BUILDING,MARGARITA DELA CRUZ MAUN,Tibagan,Renewal,Real Estate,Space Rental,Sole Proprietorship,Female,4515,1,256500,Yearly,7092064,lessor,2565.0,actual
2026,0435,YARR SPACE RENTAL,LOLITA CALDERON YARR,Tibagan,Renewal,Real Estate,Space Rental,Sole Proprietorship,Female,8150,1,480000,Yearly,6812380,lessor,7200.0,actual
2026,1927,AGR UPVC WALL PANEL MANUFACTURING,ANNALOU G. RENDUQUE,Tigpalas,Renewal,Retail / Trade,Refilling Station,Sole Proprietorship,Female,6925,1,61995,Yearly,7406042,retailer,1100.0,actual
2026,0975,ANNIE'S  PHARMACY,ARIZA R. ABLAZA,Tigpalas,Renewal,Retail / Trade,Pharmacy,Sole Proprietorship,Female,9950,1,485760,Yearly,7091862,retailer,4400.0,actual
2026,1613,ANREE'S FOOD CORNER,ANREE ANGEL D. MIYASAKI,Tigpalas,Renewal,Retail / Trade,Milk Tea,Sole Proprietorship,Male,7400,1,132360,Yearly,7096258,food_beverage,1850.0,actual
2026,0898,ARIEL CUNANAN POULTRY SUPPLY,ARIEL DG.  CUNANAN,Tigpalas,Renewal,Retail / Trade,Retailer,Sole Proprietorship,Male,15550,1,1106576.42,Yearly,7092601,retailer,10000.0,actual
2026,1500,CORVILL CYCLE PARTS & TRADING SURPLUS,CORNELIO C. VILLANUEVA,Tigpalas,Renewal,Retail / Trade,Retailer,Sole Proprietorship,,8070,1,120990,Yearly,7095141,retailer,2420.0,actual
2026,0319,DADDY TOTZ BAKERY,PHILIP XANDER R. MONTEREY,Tigpalas,Renewal,Retail / Trade,Bakery,Sole Proprietorship,Male,7970,1,199481,Yearly,6811820,retailer,2420.0,actual
2026,0945,GALANG CYCLE PARTS STORE,JENINA P. GALANG,Tigpalas,Renewal,Retail / Trade,Retailer,Sole Proprietorship,Female,6550,1,30000,Yearly,7091649,retailer,1000.0,actual
2026,1882,HOMEWELL HOUSEHOLD PRODUCTS TRADING,ROMEO T. OBANEZ,Tigpalas,Renewal,Retail / Trade,Retailer,Sole Proprietorship,Male,23012.95,1,2795323.29,Yearly,7099187,retailer,13970.36,actual
2026,0167,JHEN-MAC LPG STORE,JENNIFER S. ANGCAYA,Tigpalas,Renewal,Retail / Trade,LPG Retailer,Sole Proprietorship,Female,5550,1,130765,Yearly,7090272,retailer,2615.3,needs_review
2026,1272,LETTY'S SWEETS AND DELICACIES,LETICIA S. SAN GABRIEL,Tigpalas,Renewal,Retail / Trade,Retailer,Sole Proprietorship,Female,7970,1,160698.33,Yearly,7093203,retailer,2420.0,actual
2026,0888,MCM WATER REFILLING STATION,MA. CRISTINA D. MANGALUZ,Tigpalas,Renewal,Retail / Trade,Water Refilling Station,Sole Proprietorship,Female,6150,1,1200,Yearly,7095127,retailer,500.0,actual
2026,1007,NOIME'S FURNI HAUS,NOEMI R. GONZALES,Tigpalas,Renewal,Retail / Trade,Dealer,Sole Proprietorship,,6650,1,73050,Yearly,7091793,retailer,1100.0,actual
2026,0977,PAUL ANDREI MOTORCYCLE SPA,PAOLO G. TORIBIO,Tigpalas,Renewal,Retail / Trade,Retailer,Sole Proprietorship,Male,8950,1,251439.25,Yearly,7091863,retailer,3300.0,actual
2026,0947,R.C LIGAYA'S MOTORCYCLE PARTS MANUFACTURING,RICARDO C. LIGAYA,Tigpalas,Renewal,Retail / Trade,Retailer,Sole Proprietorship,,8817,1,138354,Yearly,7091650,retailer,3267.0,actual
2026,1141,RBL GENERAL MERCHANDISE,ROSFELLE M. BAUTISTA,Tigpalas,Renewal,Retail / Trade,Merchandising,Sole Proprietorship,,8070,1,214545,Yearly,7093374,retailer,2420.0,actual
2026,0701,REVY TUAZON FOOD PRODUCTS,REVY P. TUAZON,Tigpalas,Renewal,Retail / Trade,Retailer,Sole Proprietorship,Male,9950,1,305350,Yearly,7091558,retailer,4400.0,actual
2026,1728,ROMMEL'S VEGETABLE AND FRUIT RETAILING,ROMMEL M. FELICIERTA,Tigpalas,Renewal,Retail / Trade,Vegetable Retailer,Sole Proprietorship,Male,13927.03,1,2075405.6,Yearly,7096936,retailer,8377.03,actual
2026,0194,ROMNEYA CO2 REFILL AIRGUN REPAIR SHOP,ERICA ALPHA P. VELILLA,Tigpalas,Renewal,Retail / Trade,Retailer,Sole Proprietorship,Female,3937,1,8226.72,Yearly,6808882,retailer,187.0,actual
2026,0409,KA CHARING SPECIAL PORK CHICHARON,ROSARIO M. CRUZ,Tigpalas,Renewal,Manufacturing,Chicharon Manufacturer,Sole Proprietorship,Female,8600,1,150083,Yearly,7090153,manufacturer,2750.0,actual
2026,0925,LENY ONLINE SHOP,LENY CORTEZ DE GUZMAN,Tigpalas,Renewal,Manufacturing,Sweets Making,Sole Proprietorship,Female,7530,1,135000,Yearly,7092078,manufacturer,1980.0,actual
2026,1592,NAY SUSAN'S MACAPUNO BITES DELICACIES STORE,HECTOR S. OCAMPO,Tigpalas,Renewal,Manufacturing,Sweets Making,Sole Proprietorship,Male,7750,1,111088,Yearly,7093836,manufacturer,2200.0,actual
2026,1310,R GAMBOA WOOD PRODUCTS MANUFACTURING,ROLAND P. GAMBOA,Tigpalas,Renewal,Manufacturing,Wood Craft,Sole Proprietorship,Male,11950,1,450000,Yearly,7094963,manufacturer,5000.0,actual
2026,1289,AMANG BARBER SHOP,ARMANDO G. PRINCIPIO,Tigpalas,Renewal,Services,Barber Shop,Sole Proprietorship,,3835,1,1200,Yearly,7094770,other,385.0,actual
2026,1099,DREAMSPEN EVENTS,JOSEPHINE M. CRUZ,Tigpalas,Renewal,Services,Events Management,Sole Proprietorship,Female,5650,1,1200,Yearly,7093212,other,5,needs_review
2026,1626,EJGABRIELLE APARTMENT,ESMERALDA D. GABRIEL,Tigpalas,Renewal,Services,Rentals,Sole Proprietorship,Female,3750,1,120000,Yearly,7096257,lessor,1800.0,actual
2026,0979,GMJC COMMERCIAL SPACE RENTAL,GREGORIA M. CRUZ,Tigpalas,Renewal,Services,Rentals,Sole Proprietorship,,7350,1,540000,Yearly,7091867,lessor,5400.0,actual
2026,0760,JOSEPH JIMENEZ SPACE RENTAL,JOSEPH R. JIMENEZ,Tigpalas,Renewal,Services,Rentals,Sole Proprietorship,,2750,1,100000,Yearly,7091582,lessor,800.0,actual
2026,0408,KIDZ BARN LEARNING HUB,MICHELLE D. JACALA,Tigpalas,Renewal,Services,Training School,Sole Proprietorship,Female,8190,1,171802,Yearly,6812495,other,2640.0,actual
2026,1824,MEMM FOOD HOUSE,MICHAEL C. LIPANA,Tigpalas,Renewal,Services,Eatery,Sole Proprietorship,Male,7650,1,188391,Yearly,7098191,food_beverage,1600.0,actual
2026,0632,PARULAN - GROENING SPACE RENTAL,ELIZABETH P. GROENING,Tigpalas,Renewal,Services,Commercial Space  Rental,Sole Proprietorship,,3750,1,180000,Yearly,7092124,lessor,1800.0,actual
2026,0012,S.E.J. TRUCKING SERVICES,ISAGANI D. PAYAWAL,Tigpalas,Renewal,Services,Trucking,Sole Proprietorship,Male,8050,1,1200,Yearly,7092144,other,2400.0,actual
2026,1350,TARUC'S WELDING SHOP,CRISOSTOMO L. TARUC,Tigpalas,Renewal,Services,Welding Shop,Sole Proprietorship,Male,4740,1,1200,Yearly,7094119,other,990.0,actual
2026,1881,TIGPALAS KIDS PLAY CENTER,ROMEO T. OBANEZ,Tigpalas,Renewal,Services,Recreation,Sole Proprietorship,Male,17112.5,1,643580,Yearly,7099188,amusement,9250.0,actual
2026,1039,VETCORE VETERINARY CLINIC,KRIZZIA KATE S. VICMUDO,Tigpalas,Renewal,Services,Clinic,Sole Proprietorship,Female,15000,1,482250,Yearly,7092211,other,9250.0,actual
2026,0628,VIJ HAULING SERVICES,VAHN ISIAH JUDE V. PAYAWAL,Tigpalas,Renewal,Services,Hauling,Sole Proprietorship,Male,6550,1,1200,Yearly,7092145,other,1000.0,actual
2026,0108,WL SANGALANG OPTICAL CLINIC,WILLIAM L. SANGALANG,Tigpalas,Renewal,Services,Clinic,Sole Proprietorship,,3835,1,36000,Yearly,6808885,other,385.0,actual
2026,0209,EDILBERTO A. TABOY PROPERTY LEASE,EDILBERTO A. TABOY,Tigpalas,Renewal,Real Estate,Leasing,Sole Proprietorship,Male,12750,1,22880,Yearly,6810848,lessor,10800.0,actual
2026,0097,EDUARDO PARULAN STALL RENTAL,EDUARDO P. PARULAN,Tigpalas,Renewal,Real Estate,Space Rental,Sole Proprietorship,Male,7350,1,588000,Yearly,6812492,lessor,5400.0,actual
2026,0076,MVD RENTALS (TIGPALAS),VIVIAN M. DAZON,Tigpalas,Renewal,Real Estate,Space Rental,Sole Proprietorship,Female,6750,1,1200,Yearly,6812363,lessor,4800.0,actual
2026,,JOK JIK TRUCKING SERVICES,MICHELLE H. MATIAS,Batasan Bata,Renewal,Services,Trucking,Sole Proprietorship,Female,0,1,1200,Yearly,,other,5,no_match
2026,,MALABAGO RICE AND PALAY TRADING,OFELIA D. MALABAGO,Bantog,Renewal,Retail / Trade,Rice and Palay Trading,Sole Proprietorship,Female,5550,1,1200,Yearly,7096303,retailer,24.0,needs_review
2026,,OSAVE TRADING PHILIPPINES CORPORATION - BATASAN BATA,OSAVE TRADING CORPORATION,Batasan Bata,Renewal,Retail / Trade,Grocery,Sole Proprietorship,Female,17838.53,1,2161552,Yearly,6812489,retailer,11521.07,actual
2026,,AARCEO TRUCKING SERVICES,ARIEL C. ARCEO,Buliran,Renewal,Services,Trucking,Sole Proprietorship,Male,5550,1,1200,Yearly,7093846,other,5,needs_review
2026,,MR&C TRUCKING SERVICES,MA. IYANIE FRANCISCO ESTRELLA,Bulualto,Renewal,Services,Trucking,Sole Proprietorship,Female,6650,1,46000,Yearly,7414644,other,880.0,actual
2026,,A'TEA CAFE,ANA MARIZ P. FADRILLAN,Camias,Renewal,Services,Coffee Shop and Restaurant,Sole Proprietorship,Female,7166.15,1,150372,Yearly,7410791,food_beverage,1053.72,actual
2026,,OSAVE TRADING PHILIPPINES CORPORATION - SACDALAN,OSAVE TRADING PHILIPPINES CORPORATION,Sacdalan,Renewal,Retail / Trade,Grocery,Sole Proprietorship,Female,17242.03,1,2053096,Yearly,6812490,retailer,10943.0,actual
2026,,DAMIAN'S CAFE,SHAINAH N. MANAPOL,Salacot,Renewal,Services,Coffee Shop and Restaurant,Sole Proprietorship,Female,6805,1,170500,Yearly,7092364,food_beverage,1255.0,actual
2026,,LEA SIMBULAN RICE STORE,LEA MANUZON SIMBULAN,San Jose,Renewal,Retail / Trade,Rice Retailer,Sole Proprietorship,Female,9550,1,1680000,Yearly,7096947,retailer,4000.0,actual
2026,,ANGELO & ANNIKA'S PHARMACY,ARLAN ROSEGRACE S. BALANE-GALICIA,San Juan,Renewal,Retail / Trade,Pharmacy,Sole Proprietorship,Female,6925,1,60000,Yearly,7414626,retailer,1100.0,actual
2026,,OSAVE TRADING PHILIPPINES CORPORATION,OSAVE TRADING PHILIPPINES CORPORATION,San Vicente,Renewal,Retail / Trade,Grocery,Sole Proprietorship,Female,16959.12,1,2001658,Yearly,6812487,retailer,10668.84,actual
2026,,QUIN-XIAN HARDWARE TRADING,MARJORIE T. SAMANIEGO,Sta. Rita Bata,Renewal,Retail / Trade,Hardware,Sole Proprietorship,Female,7970,1,180000,Yearly,7094771,retailer,2420.0,actual
2026,,AAP COMMERCIAL UNIT LEASING,ALVIN P. APODERADO,Tartaro,Renewal,Real Estate,Leasing,Sole Proprietorship,Male,5475,1,188000,Yearly,7406020,lessor,2820.0,actual
